Burst_Name,Burst_PNG,Simple,Extended,Other,Too_Noisy,Follow
GRB041217,GRB041217_100116.png,15,3,1,0,"[13, 5, 2, 0, 0, 0]"
GRB041219C,GRB041219C_100380.png,16,5,2,2,"[9, 12, 1, 0, 2, 4]"
GRB041220,GRB041220_100433.png,13,1,2,0,"[11, 5, 0, 0, 0, 0]"
GRB041223,GRB041223_100585.png,6,15,25,3,"[12, 13, 38, 0, 2, 5]"
GRB041224,GRB041224_100703.png,2,5,16,0,"[13, 9, 14, 0, 1, 2]"
GRB041226,GRB041226_100815.png,24,5,10,2,"[24, 3, 11, 0, 2, 4]"
GRB041228,GRB041228_100970.png,9,20,19,2,"[9, 21, 18, 0, 3, 5]"
GRB050117,GRB050117_102861.png,0,3,12,0,"[8, 3, 12, 0, 0, 0]"
GRB050124,GRB050124_103647.png,18,6,2,0,"[10, 11, 4, 0, 3, 3]"
GRB050126,GRB050126_103780.png,15,19,9,3,"[6, 27, 16, 0, 3, 6]"
GRB050128,GRB050128_103906.png,7,10,21,4,"[10, 5, 24, 0, 3, 8]"
GRB050202,GRB050202_104298.png,25,0,20,8,"[25, 4, 0, 0, 16, 25]"
GRB050215A,GRB050215A_106106.png,7,20,15,13,"[16, 2, 20, 0, 9, 23]"
GRB050215B,GRB050215B_106107.png,24,14,5,2,"[16, 21, 11, 0, 3, 5]"
GRB050219A,GRB050219A_106415.png,29,4,9,2,"[27, 5, 15, 0, 1, 4]"
GRB050219B,GRB050219B_106442.png,31,6,12,1,"[30, 6, 16, 0, 2, 3]"
GRB050223,GRB050223_106709.png,10,12,22,5,"[17, 7, 23, 0, 7, 12]"
GRB050306,GRB050306_107547.png,1,4,16,5,"[4, 5, 18, 0, 0, 5]"
GRB050315,GRB050315_111063.png,14,10,20,5,"[17, 16, 31, 0, 2, 7]"
GRB050318,GRB050318_111529.png,1,2,14,0,"[7, 5, 7, 0, 1, 2]"
GRB050319,GRB050319_111622.png,1,4,16,2,"[3, 9, 13, 0, 1, 3]"
GRB050326,GRB050326_112453.png,1,3,18,0,"[8, 11, 13, 0, 0, 0]"
GRB050401,GRB050401_113120.png,0,1,13,1,"[9, 7, 9, 0, 1, 2]"
GRB050406,GRB050406_113872.png,16,2,4,0,"[16, 1, 5, 0, 2, 2]"
GRB050410,GRB050410_114299.png,16,14,13,1,"[9, 22, 18, 0, 2, 3]"
GRB050412,GRB050412_114485.png,11,10,16,4,"[17, 3, 13, 0, 6, 10]"
GRB050416A,GRB050416A_114753.png,25,8,0,4,"[13, 18, 2, 0, 2, 6]"
GRB050416B,GRB050416B_114797.png,20,1,0,1,"[10, 8, 1, 0, 1, 2]"
GRB050418,GRB050418_114893.png,2,17,19,1,"[20, 12, 29, 0, 0, 1]"
GRB050421,GRB050421_115135.png,25,7,6,14,"[11, 15, 6, 0, 7, 24]"
GRB050422,GRB050422_115214.png,4,2,15,2,"[12, 0, 8, 0, 1, 6]"
GRB050502B,GRB050502B_116116.png,2,0,13,0,"[14, 4, 4, 0, 1, 1]"
GRB050505,GRB050505_117504.png,1,4,12,2,"[7, 6, 12, 0, 1, 3]"
GRB050507,GRB050507_118248.png,5,10,17,11,"[16, 6, 14, 0, 2, 14]"
GRB050509A,GRB050509A_118707.png,21,6,14,3,"[20, 12, 14, 0, 2, 5]"
GRB050509B,GRB050509B_118749.png,0,0,3,12,"[0, 0, 0, 0, 3, 15]"
GRB050525A,GRB050525A_130088.png,9,11,28,2,"[26, 14, 21, 0, 1, 3]"
GRB050528,GRB050528_130679.png,16,3,16,3,"[12, 4, 15, 0, 5, 9]"
GRB050603,GRB050603_131560.png,23,10,6,1,"[13, 24, 6, 0, 2, 3]"
GRB050607,GRB050607_132247.png,10,18,17,1,"[14, 24, 19, 0, 1, 3]"
GRB050701,GRB050701_143708.png,1,1,14,3,"[9, 7, 10, 0, 2, 5]"
GRB050712,GRB050712_145581.png,5,5,19,22,"[8, 3, 19, 0, 3, 26]"
GRB050713A,GRB050713A_145675.png,16,15,11,2,"[20, 14, 17, 0, 1, 4]"
GRB050713B,GRB050713B_145754.png,12,26,1,7,"[1, 34, 6, 0, 1, 9]"
GRB050714B,GRB050714B_145994.png,1,0,7,23,"[1, 0, 7, 0, 1, 24]"
GRB050715,GRB050715_146129.png,2,3,14,3,"[11, 4, 10, 0, 1, 4]"
GRB050716,GRB050716_146227.png,4,15,21,5,"[13, 13, 27, 0, 1, 6]"
GRB050717,GRB050717_146372.png,15,28,2,3,"[4, 37, 5, 0, 0, 3]"
GRB050721,GRB050721_146970.png,19,28,1,8,"[4, 40, 10, 0, 1, 10]"
GRB050724,GRB050724_147478.png,18,19,2,2,"[20, 13, 9, 0, 2, 5]"
GRB050726,GRB050726_147788.png,12,8,18,10,"[10, 6, 18, 0, 5, 17]"
GRB050730,GRB050730_148225.png,14,3,2,3,"[12, 2, 6, 0, 2, 6]"
GRB050801,GRB050801_148522.png,22,21,1,5,"[6, 36, 4, 0, 0, 5]"
GRB050802,GRB050802_148646.png,9,26,15,3,"[9, 32, 21, 0, 0, 3]"
GRB050803,GRB050803_148833.png,3,19,31,2,"[22, 20, 35, 0, 2, 5]"
GRB050813,GRB050813_150139.png,12,0,1,1,"[12, 0, 0, 0, 1, 2]"
GRB050814,GRB050814_150314.png,4,14,9,18,"[1, 19, 9, 0, 3, 21]"
GRB050815,GRB050815_150532.png,11,2,1,0,"[10, 2, 0, 0, 2, 2]"
GRB050819,GRB050819_151131.png,10,2,13,17,"[13, 0, 10, 0, 4, 23]"
GRB050820A,GRB050820A_151207.png,1,2,14,2,"[12, 2, 6, 0, 0, 2]"
GRB050820B,GRB050820B_151334.png,3,3,13,1,"[13, 3, 6, 0, 1, 2]"
GRB050822,GRB050822_151486.png,2,4,16,2,"[6, 13, 14, 0, 0, 2]"
GRB050824,GRB050824_151905.png,11,2,13,20,"[11, 0, 8, 0, 4, 26]"
GRB050826,GRB050826_152113.png,8,12,11,29,"[4, 10, 15, 0, 2, 33]"
GRB050827,GRB050827_152325.png,21,6,16,2,"[28, 4, 18, 0, 2, 4]"
GRB050904,GRB050904_153514.png,4,8,21,17,"[15, 3, 15, 0, 8, 27]"
GRB050908,GRB050908_154112.png,14,0,1,2,"[13, 1, 1, 0, 0, 2]"
GRB050911,GRB050911_154630.png,3,4,17,1,"[14, 12, 4, 0, 1, 2]"
GRB050915A,GRB050915A_155242.png,5,13,18,7,"[6, 7, 26, 0, 1, 9]"
GRB050915B,GRB050915B_155284.png,7,22,10,4,"[7, 26, 20, 0, 1, 5]"
GRB050916,GRB050916_155408.png,4,2,17,21,"[8, 3, 14, 0, 1, 23]"
GRB050922B,GRB050922B_156434.png,1,2,3,14,"[3, 2, 4, 0, 0, 14]"
GRB050922C,GRB050922C_156467.png,11,1,0,0,"[10, 0, 1, 0, 0, 0]"
GRB050925,GRB050925_156838.png,13,0,2,0,"[12, 1, 0, 0, 2, 2]"
GRB051001,GRB051001_157870.png,5,4,19,21,"[14, 3, 15, 0, 2, 24]"
GRB051006,GRB051006_158593.png,12,11,22,6,"[17, 8, 23, 0, 4, 10]"
GRB051008,GRB051008_158855.png,14,7,19,4,"[26, 8, 20, 0, 2, 6]"
GRB051016A,GRB051016A_159913.png,10,21,12,5,"[20, 9, 16, 0, 1, 6]"
GRB051016B,GRB051016B_159994.png,16,1,5,1,"[6, 9, 9, 0, 3, 4]"
GRB051021B,GRB051021B_160672.png,1,8,1,1,"[0, 9, 2, 0, 0, 1]"
GRB051105A,GRB051105A_162580.png,14,0,3,2,"[11, 0, 1, 0, 5, 7]"
GRB051109A,GRB051109A_163136.png,15,19,10,3,"[26, 10, 16, 0, 1, 4]"
GRB051109B,GRB051109B_163170.png,17,4,5,0,"[16, 3, 9, 0, 3, 3]"
GRB051111,GRB051111_163438.png,28,27,0,6,"[4, 50, 5, 0, 0, 6]"
GRB051113,GRB051113_163765.png,2,4,17,3,"[11, 7, 9, 0, 3, 6]"
GRB051117A,GRB051117A_164268.png,7,21,10,9,"[5, 21, 17, 0, 3, 13]"
GRB051117B,GRB051117B_164279.png,11,7,11,15,"[9, 4, 17, 0, 4, 20]"
GRB051210,GRB051210_171931.png,11,0,0,0,"[9, 2, 0, 0, 0, 0]"
GRB051213,GRB051213_172516.png,2,6,23,19,"[15, 7, 13, 0, 2, 22]"
GRB051221A,GRB051221A_173780.png,15,0,0,0,"[9, 5, 0, 0, 1, 1]"
GRB051221B,GRB051221B_173904.png,2,5,11,23,"[4, 4, 12, 0, 3, 26]"
GRB051227,GRB051227_174738.png,12,26,3,2,"[10, 20, 9, 0, 0, 6]"
GRB060102,GRB060102_175603.png,12,8,15,3,"[12, 14, 13, 0, 2, 5]"
GRB060105,GRB060105_175942.png,0,6,19,1,"[12, 11, 15, 0, 2, 3]"
GRB060108,GRB060108_176453.png,21,14,8,1,"[25, 13, 9, 0, 2, 3]"
GRB060109,GRB060109_176620.png,1,1,15,5,"[9, 7, 6, 0, 1, 8]"
GRB060110,GRB060110_176702.png,22,20,5,3,"[2, 43, 5, 0, 0, 3]"
GRB060111A,GRB060111A_176818.png,17,3,1,0,"[11, 8, 3, 0, 1, 1]"
GRB060111B,GRB060111B_176918.png,2,23,24,3,"[7, 42, 22, 0, 1, 4]"
GRB060115,GRB060115_177408.png,0,3,12,0,"[12, 1, 3, 0, 0, 0]"
GRB060116,GRB060116_177533.png,15,8,12,14,"[11, 5, 18, 0, 2, 16]"
GRB060117,GRB060117_177666.png,0,4,16,0,"[12, 5, 6, 0, 1, 1]"
GRB060124,GRB060124_178750.png,2,1,11,1,"[4, 3, 11, 0, 0, 1]"
GRB060202,GRB060202_179968.png,0,8,17,23,"[12, 3, 16, 0, 3, 26]"
GRB060203,GRB060203_180151.png,3,2,3,14,"[3, 0, 5, 0, 0, 14]"
GRB060204B,GRB060204B_180241.png,20,21,2,4,"[27, 12, 10, 0, 0, 4]"
GRB060206,GRB060206_180455.png,15,4,2,1,"[8, 12, 0, 0, 1, 2]"
GRB060210,GRB060210_180977.png,2,2,11,1,"[8, 1, 10, 0, 1, 2]"
GRB060211A,GRB060211A_181126.png,1,6,15,18,"[7, 9, 14, 0, 1, 19]"
GRB060211B,GRB060211B_181156.png,17,8,18,6,"[25, 9, 15, 0, 3, 9]"
GRB060219,GRB060219_191512.png,5,3,17,23,"[11, 3, 15, 0, 2, 26]"
GRB060223A,GRB060223A_192059.png,15,17,12,7,"[11, 15, 22, 0, 2, 9]"
GRB060223B,GRB060223B_192152.png,18,3,26,2,"[19, 3, 22, 0, 8, 10]"
GRB060306,GRB060306_200638.png,1,4,15,2,"[6, 12, 7, 0, 0, 2]"
GRB060312,GRB060312_201391.png,3,3,14,0,"[14, 4, 13, 0, 1, 1]"
GRB060313,GRB060313_201487.png,11,0,0,0,"[10, 3, 0, 0, 0, 0]"
GRB060319,GRB060319_202035.png,17,13,12,3,"[18, 15, 20, 0, 1, 4]"
GRB060322,GRB060322_202442.png,0,3,12,0,"[11, 3, 9, 0, 0, 0]"
GRB060323,GRB060323_202505.png,1,5,16,2,"[13, 5, 12, 0, 1, 3]"
GRB060403,GRB060403_203755.png,15,24,4,6,"[4, 35, 10, 0, 0, 6]"
GRB060413,GRB060413_205096.png,23,4,10,3,"[27, 3, 13, 0, 1, 4]"
GRB060418,GRB060418_205851.png,1,4,13,0,"[7, 1, 12, 0, 1, 1]"
GRB060421,GRB060421_206257.png,9,13,21,5,"[22, 6, 21, 0, 3, 8]"
GRB060424,GRB060424_206773.png,11,18,20,2,"[24, 4, 27, 0, 3, 5]"
GRB060427,GRB060427_207281.png,4,8,7,25,"[2, 8, 8, 0, 3, 28]"
GRB060428A,GRB060428A_207364.png,7,11,19,3,"[26, 4, 16, 0, 1, 4]"
GRB060428B,GRB060428B_207399.png,12,9,10,16,"[14, 6, 12, 0, 3, 20]"
GRB060501,GRB060501_208050.png,15,13,11,3,"[12, 22, 14, 0, 0, 3]"
GRB060502A,GRB060502A_208169.png,25,13,5,1,"[16, 29, 6, 0, 1, 2]"
GRB060502B,GRB060502B_208275.png,16,1,5,2,"[16, 0, 1, 0, 4, 6]"
GRB060507,GRB060507_208870.png,2,15,5,0,"[6, 18, 9, 0, 1, 1]"
GRB060510A,GRB060510A_209351.png,20,6,13,3,"[17, 16, 23, 0, 0, 3]"
GRB060510B,GRB060510B_209352.png,3,9,23,11,"[12, 4, 27, 0, 1, 13]"
GRB060512,GRB060512_209755.png,17,1,5,1,"[18, 1, 7, 0, 1, 2]"
GRB060515,GRB060515_210084.png,7,16,5,12,"[3, 13, 11, 0, 1, 13]"
GRB060516,GRB060516_210254.png,1,3,3,16,"[5, 1, 3, 0, 1, 18]"
GRB060522,GRB060522_211117.png,3,4,12,27,"[5, 0, 11, 0, 1, 30]"
GRB060526,GRB060526_211957.png,2,13,25,8,"[29, 8, 12, 0, 3, 11]"
GRB060602A,GRB060602A_213180.png,8,11,7,17,"[2, 15, 12, 0, 3, 22]"
GRB060604,GRB060604_213486.png,0,3,13,33,"[7, 2, 9, 0, 1, 35]"
GRB060605,GRB060605_213630.png,2,2,14,3,"[7, 7, 6, 0, 2, 5]"
GRB060607A,GRB060607A_213823.png,11,19,12,3,"[10, 34, 17, 0, 0, 3]"
GRB060607B,GRB060607B_213934.png,5,10,19,4,"[6, 22, 18, 0, 2, 6]"
GRB060614,GRB060614_214805.png,3,26,17,3,"[12, 25, 29, 0, 2, 5]"
GRB060707,GRB060707_217704.png,3,5,15,3,"[7, 11, 14, 0, 0, 3]"
GRB060708,GRB060708_217805.png,13,5,1,0,"[2, 17, 0, 0, 0, 0]"
GRB060712,GRB060712_218582.png,4,4,19,14,"[11, 3, 17, 0, 1, 16]"
GRB060714,GRB060714_219101.png,3,15,34,5,"[15, 27, 33, 0, 2, 8]"
GRB060717,GRB060717_219646.png,12,0,1,0,"[12, 1, 0, 0, 0, 0]"
GRB060719,GRB060719_220020.png,1,4,16,1,"[10, 9, 4, 0, 1, 2]"
GRB060729,GRB060729_221755.png,2,7,23,2,"[19, 11, 19, 0, 1, 4]"
GRB060801,GRB060801_222154.png,15,1,0,1,"[10, 6, 0, 0, 1, 2]"
GRB060804,GRB060804_222546.png,4,4,19,0,"[11, 3, 15, 0, 4, 4]"
GRB060805A,GRB060805A_222683.png,13,1,2,2,"[13, 1, 2, 0, 2, 4]"
GRB060807,GRB060807_223217.png,18,9,13,10,"[16, 9, 16, 0, 4, 16]"
GRB060813,GRB060813_224364.png,26,19,2,2,"[22, 19, 8, 0, 2, 4]"
GRB060814,GRB060814_224552.png,1,19,17,2,"[24, 7, 20, 0, 0, 2]"
GRB060825,GRB060825_226382.png,12,1,2,0,"[11, 2, 3, 0, 0, 1]"
GRB060904A,GRB060904A_227996.png,19,4,24,3,"[31, 5, 23, 0, 2, 5]"
GRB060904B,GRB060904B_228006.png,15,26,10,1,"[21, 24, 14, 0, 1, 5]"
GRB060906,GRB060906_228316.png,1,3,11,3,"[5, 4, 13, 0, 0, 3]"
GRB060908,GRB060908_228581.png,1,3,16,2,"[12, 2, 12, 0, 1, 3]"
GRB060912A,GRB060912A_229185.png,18,4,0,1,"[4, 15, 2, 0, 2, 3]"
GRB060919,GRB060919_230115.png,17,14,10,3,"[7, 29, 7, 0, 0, 3]"
GRB060923A,GRB060923A_230662.png,2,3,12,0,"[10, 4, 7, 0, 2, 2]"
GRB060923B,GRB060923B_230702.png,17,2,2,1,"[16, 1, 3, 0, 2, 3]"
GRB060923C,GRB060923C_230711.png,1,4,4,12,"[2, 2, 7, 0, 1, 13]"
GRB060926,GRB060926_231231.png,19,7,2,2,"[4, 23, 1, 0, 1, 3]"
GRB060927,GRB060927_231362.png,0,3,12,0,"[11, 5, 8, 0, 0, 0]"
GRB060929,GRB060929_231702.png,3,3,2,12,"[5, 1, 1, 0, 0, 14]"
GRB061002,GRB061002_231974.png,2,1,18,5,"[5, 2, 19, 0, 1, 6]"
GRB061004,GRB061004_232339.png,13,0,0,0,"[11, 1, 0, 0, 1, 1]"
GRB061006,GRB061006_232585.png,23,25,5,4,"[36, 12, 13, 0, 1, 7]"
GRB061007,GRB061007_232683.png,10,14,21,6,"[20, 9, 21, 0, 4, 10]"
GRB061019,GRB061019_234516.png,2,4,18,3,"[14, 9, 4, 0, 1, 4]"
GRB061021,GRB061021_234905.png,18,21,0,2,"[4, 32, 1, 0, 1, 3]"
GRB061028,GRB061028_235715.png,2,8,12,27,"[4, 1, 16, 0, 0, 27]"
GRB061102,GRB061102_236430.png,2,6,16,37,"[4, 5, 13, 0, 5, 42]"
GRB061110A,GRB061110A_238108.png,22,16,6,5,"[1, 35, 13, 0, 0, 5]"
GRB061110B,GRB061110B_238174.png,6,17,12,20,"[5, 18, 20, 0, 3, 23]"
GRB061121,GRB061121_239899.png,5,4,15,0,"[19, 3, 5, 0, 1, 1]"
GRB061126,GRB061126_240766.png,4,18,14,2,"[18, 6, 23, 0, 0, 2]"
GRB061201,GRB061201_241840.png,16,1,1,0,"[12, 4, 2, 0, 1, 1]"
GRB061202,GRB061202_241963.png,10,17,11,3,"[8, 29, 11, 0, 0, 3]"
GRB061210,GRB061210_243690.png,21,19,0,5,"[30, 3, 9, 0, 2, 7]"
GRB061217,GRB061217_251634.png,23,2,14,12,"[19, 1, 5, 0, 10, 27]"
GRB061222A,GRB061222A_252588.png,4,2,18,1,"[14, 5, 15, 0, 2, 3]"
GRB061222B,GRB061222B_252593.png,13,8,13,6,"[12, 3, 19, 0, 1, 7]"
GRB070103,GRB070103_254532.png,1,2,11,1,"[9, 3, 8, 0, 0, 1]"
GRB070107,GRB070107_255029.png,12,24,7,4,"[8, 28, 9, 0, 2, 7]"
GRB070110,GRB070110_255445.png,4,25,8,6,"[2, 29, 22, 0, 1, 8]"
GRB070129,GRB070129_258408.png,3,2,15,19,"[8, 3, 8, 0, 3, 24]"
GRB070208,GRB070208_259714.png,4,10,28,6,"[25, 7, 16, 0, 3, 11]"
GRB070209,GRB070209_259803.png,2,2,16,22,"[7, 1, 6, 0, 6, 29]"
GRB070219,GRB070219_261132.png,17,20,5,3,"[6, 25, 15, 0, 1, 6]"
GRB070220,GRB070220_261299.png,20,25,3,4,"[9, 32, 12, 0, 0, 4]"
GRB070223,GRB070223_261664.png,2,23,18,11,"[6, 25, 27, 0, 4, 16]"
GRB070224,GRB070224_261880.png,9,16,9,16,"[6, 19, 11, 0, 2, 18]"
GRB070227,None,31,3,10,4,"[23, 6, 5, 0, 13, 17]"
GRB070306,GRB070306_263361.png,14,10,20,5,"[21, 13, 19, 0, 1, 8]"
GRB070318,GRB070318_271019.png,21,29,1,3,"[2, 46, 8, 0, 2, 5]"
GRB070328,GRB070328_272773.png,16,20,8,2,"[14, 26, 11, 0, 1, 3]"
GRB070330,GRB070330_273180.png,26,5,13,2,"[24, 8, 12, 0, 3, 5]"
GRB070411,GRB070411_275087.png,0,1,10,3,"[7, 5, 7, 0, 1, 4]"
GRB070412,GRB070412_275119.png,5,5,15,3,"[7, 10, 12, 0, 0, 3]"
GRB070419A,GRB070419A_276205.png,4,1,4,13,"[3, 3, 2, 0, 3, 17]"
GRB070419B,GRB070419B_276212.png,1,15,5,1,"[0, 13, 11, 0, 0, 1]"
GRB070420,GRB070420_276321.png,25,15,5,5,"[26, 10, 17, 0, 2, 7]"
GRB070427,GRB070427_277356.png,24,4,13,2,"[27, 3, 11, 0, 3, 5]"
GRB070429A,GRB070429A_277571.png,5,18,3,19,"[2, 19, 4, 0, 1, 21]"
GRB070429B,GRB070429B_277582.png,11,0,0,0,"[11, 1, 0, 0, 0, 0]"
GRB070506,GRB070506_278693.png,12,1,0,0,"[11, 2, 0, 0, 0, 0]"
GRB070508,GRB070508_278854.png,21,4,26,2,"[32, 6, 21, 0, 4, 6]"
GRB070509,GRB070509_278903.png,11,1,0,0,"[2, 7, 2, 0, 1, 1]"
GRB070517,GRB070517_279494.png,21,15,10,3,"[18, 20, 13, 0, 2, 5]"
GRB070518,GRB070518_279592.png,11,2,1,2,"[7, 7, 1, 0, 1, 3]"
GRB070520A,GRB070520A_279817.png,6,5,12,22,"[10, 3, 11, 0, 6, 29]"
GRB070520B,GRB070520B_279898.png,10,18,13,13,"[4, 23, 16, 0, 5, 22]"
GRB070521,GRB070521_279935.png,0,1,11,0,"[4, 2, 9, 0, 1, 1]"
GRB070529,GRB070529_280706.png,2,18,11,12,"[5, 11, 17, 0, 3, 17]"
GRB070531,GRB070531_280958.png,9,22,8,2,"[1, 32, 13, 0, 1, 3]"
GRB070611,GRB070611_282003.png,21,5,13,5,"[15, 5, 8, 0, 10, 15]"
GRB070612A,GRB070612A_282066.png,2,13,15,10,"[5, 20, 15, 0, 2, 15]"
GRB070612B,GRB070612B_282073.png,16,1,5,2,"[13, 1, 9, 0, 0, 2]"
GRB070616,GRB070616_282445.png,6,17,17,10,"[11, 13, 24, 0, 0, 11]"
GRB070621,GRB070621_282808.png,4,2,14,1,"[4, 5, 15, 0, 0, 1]"
GRB070628,GRB070628_283320.png,18,4,18,1,"[19, 12, 15, 0, 3, 4]"
GRB070704,GRB070704_283791.png,5,18,12,6,"[10, 27, 14, 0, 1, 7]"
GRB070714A,GRB070714A_284850.png,12,0,0,0,"[11, 1, 0, 0, 0, 0]"
GRB070714B,GRB070714B_284856.png,19,25,1,1,"[26, 8, 10, 0, 4, 5]"
GRB070721A,GRB070721A_285653.png,11,1,0,0,"[8, 4, 0, 0, 0, 0]"
GRB070721B,GRB070721B_285654.png,4,18,22,5,"[23, 23, 19, 0, 2, 7]"
GRB070724A,GRB070724A_285948.png,13,0,1,0,"[13, 1, 0, 0, 1, 1]"
GRB070729,GRB070729_286373.png,12,0,0,0,"[11, 0, 0, 0, 2, 2]"
GRB070731,GRB070731_286574.png,17,0,0,0,"[12, 1, 2, 0, 3, 3]"
GRB070802,GRB070802_286809.png,9,17,11,10,"[10, 11, 14, 0, 3, 15]"
GRB070805,GRB070805_287088.png,6,20,18,8,"[11, 14, 24, 0, 6, 14]"
GRB070808,GRB070808_287260.png,19,25,0,4,"[4, 34, 9, 0, 0, 4]"
GRB070809,GRB070809_287344.png,19,0,0,0,"[17, 1, 2, 0, 1, 1]"
GRB070810A,GRB070810A_287364.png,19,4,2,0,"[8, 13, 1, 0, 3, 4]"
GRB070810B,GRB070810B_287409.png,17,1,13,13,"[11, 2, 2, 0, 15, 28]"
GRB070911,GRB070911_290624.png,6,10,26,4,"[16, 7, 29, 0, 1, 5]"
GRB070913,GRB070913_290843.png,11,0,0,0,"[10, 0, 0, 0, 1, 1]"
GRB070917,GRB070917_291292.png,21,15,4,0,"[5, 30, 2, 0, 1, 2]"
GRB070920A,GRB070920A_291614.png,5,4,18,23,"[8, 4, 16, 0, 2, 27]"
GRB070920B,GRB070920B_291728.png,13,0,2,0,"[13, 0, 2, 0, 1, 1]"
GRB070923,GRB070923_292004.png,21,1,10,9,"[22, 0, 1, 0, 8, 17]"
GRB071001,GRB071001_292826.png,0,4,16,1,"[6, 11, 7, 0, 1, 3]"
GRB071003,GRB071003_292934.png,15,19,13,3,"[13, 26, 20, 0, 3, 6]"
GRB071006,None,4,2,12,2,"[7, 1, 2, 0, 8, 10]"
GRB071008,GRB071008_293587.png,26,11,8,1,"[29, 5, 11, 0, 1, 2]"
GRB071010A,GRB071010A_293707.png,11,3,3,1,"[10, 4, 3, 0, 2, 3]"
GRB071010B,GRB071010B_293795.png,19,4,18,2,"[16, 20, 15, 0, 1, 3]"
GRB071010C,None,5,1,15,3,"[7, 2, 9, 0, 4, 7]"
GRB071011,GRB071011_293924.png,1,3,12,1,"[3, 9, 7, 0, 0, 1]"
GRB071013,GRB071013_294120.png,4,10,5,20,"[3, 10, 7, 0, 2, 23]"
GRB071018,GRB071018_294645.png,0,0,0,13,"[0, 0, 0, 0, 0, 13]"
GRB071020,GRB071020_294835.png,27,7,9,2,"[19, 18, 9, 0, 5, 7]"
GRB071021,GRB071021_294974.png,21,8,7,7,"[24, 3, 8, 0, 4, 14]"
GRB071025,GRB071025_295301.png,10,19,8,5,"[15, 15, 10, 0, 0, 6]"
GRB071028A,GRB071028A_295527.png,4,3,12,27,"[4, 1, 11, 0, 5, 33]"
GRB071028B,None,1,3,14,2,"[5, 2, 6, 0, 5, 8]"
GRB071031,GRB071031_295670.png,6,14,11,16,"[13, 13, 15, 0, 3, 21]"
GRB071101,GRB071101_295779.png,12,0,0,0,"[8, 3, 1, 0, 1, 1]"
GRB071112B,GRB071112B_296503.png,18,0,0,2,"[9, 5, 1, 0, 3, 6]"
GRB071117,GRB071117_296805.png,21,7,1,1,"[6, 18, 3, 0, 2, 3]"
GRB071118,GRB071118_296856.png,0,0,0,13,"[0, 0, 0, 0, 0, 13]"
GRB071122,GRB071122_297114.png,2,3,10,31,"[2, 2, 10, 0, 3, 34]"
GRB071129,GRB071129_297628.png,6,23,7,12,"[7, 17, 13, 0, 3, 19]"
GRB071227,GRB071227_299787.png,22,24,4,3,"[28, 5, 9, 0, 6, 11]"
GRB080123,GRB080123_301578.png,3,7,13,28,"[3, 7, 3, 0, 5, 36]"
GRB080129,GRB080129_301981.png,6,3,10,36,"[7, 3, 11, 0, 1, 38]"
GRB080205,GRB080205_302506.png,0,4,12,1,"[10, 2, 11, 0, 0, 1]"
GRB080207,GRB080207_302728.png,6,8,19,13,"[19, 3, 17, 0, 3, 18]"
GRB080210,GRB080210_302888.png,16,14,19,4,"[22, 6, 30, 0, 1, 5]"
GRB080212,GRB080212_303105.png,0,4,12,4,"[5, 1, 11, 0, 1, 6]"
GRB080218A,GRB080218A_303609.png,3,6,23,17,"[12, 8, 16, 0, 1, 19]"
GRB080218B,GRB080218B_303631.png,12,3,2,0,"[8, 8, 1, 0, 0, 0]"
GRB080229A,GRB080229A_304379.png,2,4,17,1,"[17, 6, 13, 0, 0, 1]"
GRB080303,GRB080303_304549.png,6,13,2,3,"[3, 17, 5, 0, 1, 4]"
GRB080307,GRB080307_305011.png,10,16,4,9,"[1, 23, 9, 0, 2, 11]"
GRB080310,GRB080310_305288.png,11,15,11,6,"[19, 6, 17, 0, 2, 9]"
GRB080319A,GRB080319A_306754.png,3,13,28,5,"[9, 24, 28, 0, 2, 7]"
GRB080319B,GRB080319B_306757.png,15,18,11,3,"[18, 17, 15, 0, 1, 4]"
GRB080319C,GRB080319C_306778.png,14,25,15,3,"[7, 33, 26, 0, 1, 4]"
GRB080319D,GRB080319D_306793.png,4,1,15,21,"[7, 0, 9, 0, 8, 29]"
GRB080320,GRB080320_306858.png,18,18,9,4,"[14, 25, 10, 0, 2, 7]"
GRB080325,GRB080325_307604.png,4,5,10,26,"[7, 7, 10, 0, 1, 29]"
GRB080328,GRB080328_307931.png,1,16,23,4,"[16, 11, 28, 0, 2, 6]"
GRB080330,GRB080330_308041.png,7,23,14,8,"[10, 21, 17, 0, 2, 12]"
GRB080409,GRB080409_308812.png,3,2,13,0,"[13, 7, 2, 0, 1, 1]"
GRB080411,GRB080411_309010.png,0,2,13,0,"[6, 8, 9, 0, 0, 0]"
GRB080413A,GRB080413A_309096.png,2,2,15,1,"[9, 4, 9, 0, 2, 3]"
GRB080413B,GRB080413B_309111.png,24,15,0,3,"[8, 32, 3, 0, 0, 3]"
GRB080426,GRB080426_310219.png,11,1,0,0,"[6, 5, 0, 0, 1, 1]"
GRB080430,GRB080430_310613.png,25,17,1,1,"[4, 37, 4, 0, 0, 1]"
GRB080503,GRB080503_310785.png,6,18,10,6,"[10, 18, 19, 0, 1, 7]"
GRB080506,GRB080506_311159.png,0,2,12,30,"[4, 1, 6, 0, 4, 34]"
GRB080515,GRB080515_311658.png,22,7,16,4,"[32, 5, 17, 0, 2, 6]"
GRB080516,GRB080516_311762.png,1,2,13,0,"[11, 1, 6, 0, 0, 0]"
GRB080517,GRB080517_311874.png,9,16,2,8,"[5, 15, 7, 0, 2, 10]"
GRB080520,GRB080520_312047.png,11,0,2,0,"[11, 0, 1, 0, 0, 0]"
GRB080523,GRB080523_312242.png,11,18,9,7,"[3, 23, 14, 0, 1, 9]"
GRB080602,GRB080602_312958.png,0,2,14,1,"[10, 3, 6, 0, 1, 2]"
GRB080603B,GRB080603B_313087.png,0,2,10,2,"[6, 3, 6, 0, 1, 3]"
GRB080604,GRB080604_313116.png,8,6,15,19,"[7, 6, 14, 0, 1, 22]"
GRB080605,GRB080605_313299.png,5,2,15,1,"[10, 4, 13, 0, 2, 3]"
GRB080607,GRB080607_313417.png,2,12,2,0,"[8, 7, 9, 0, 1, 1]"
GRB080613B,GRB080613B_313954.png,4,15,4,0,"[1, 18, 14, 0, 0, 0]"
GRB080623,GRB080623_315080.png,13,13,14,3,"[14, 13, 21, 0, 1, 4]"
GRB080701,GRB080701_315615.png,25,14,0,3,"[7, 30, 2, 0, 1, 4]"
GRB080702A,GRB080702A_315710.png,11,1,0,0,"[10, 0, 2, 0, 0, 0]"
GRB080703,GRB080703_315819.png,14,3,4,2,"[14, 3, 5, 0, 1, 3]"
GRB080707,GRB080707_316204.png,0,5,16,0,"[10, 10, 8, 0, 2, 2]"
GRB080710,GRB080710_316534.png,14,9,11,10,"[12, 14, 14, 0, 2, 13]"
GRB080714,GRB080714_316910.png,26,27,1,1,"[3, 47, 9, 0, 1, 2]"
GRB080721,GRB080721_317508.png,27,19,0,6,"[29, 13, 3, 0, 2, 9]"
GRB080723A,GRB080723A_317662.png,1,4,15,1,"[7, 12, 10, 0, 1, 2]"
GRB080725,GRB080725_317888.png,29,3,14,3,"[31, 6, 16, 0, 1, 4]"
GRB080727A,GRB080727A_318094.png,13,1,3,1,"[14, 0, 2, 0, 1, 2]"
GRB080727B,GRB080727B_318101.png,0,0,11,0,"[10, 1, 4, 0, 0, 0]"
GRB080727C,GRB080727C_318170.png,5,18,20,3,"[10, 27, 26, 0, 2, 5]"
GRB080802,GRB080802_318832.png,8,19,4,16,"[6, 15, 9, 0, 4, 23]"
GRB080804,GRB080804_319016.png,18,19,1,3,"[2, 32, 6, 0, 0, 3]"
GRB080805,GRB080805_319036.png,19,22,4,3,"[4, 42, 5, 0, 0, 3]"
GRB080810,GRB080810_319584.png,0,3,16,3,"[10, 3, 15, 0, 1, 4]"
GRB080903,GRB080903_323542.png,18,26,1,4,"[3, 40, 9, 0, 0, 4]"
GRB080905A,GRB080905A_323870.png,11,0,0,1,"[5, 3, 2, 0, 1, 2]"
GRB080905B,GRB080905B_323898.png,5,26,14,2,"[15, 19, 25, 0, 3, 6]"
GRB080906,GRB080906_323984.png,17,12,12,7,"[13, 16, 19, 0, 1, 9]"
GRB080913,GRB080913_324561.png,29,8,14,2,"[28, 6, 20, 0, 2, 5]"
GRB080915A,GRB080915A_324744.png,9,11,13,9,"[14, 7, 14, 0, 1, 10]"
GRB080915B,GRB080915B_324805.png,12,0,1,0,"[8, 5, 0, 0, 0, 0]"
GRB080916A,GRB080916A_324895.png,5,28,13,2,"[8, 36, 25, 0, 1, 3]"
GRB080916B,GRB080916B_324907.png,5,19,12,5,"[6, 16, 18, 0, 1, 7]"
GRB080919,GRB080919_325268.png,12,1,0,1,"[9, 2, 0, 0, 2, 3]"
GRB080928,GRB080928_326115.png,22,10,9,3,"[26, 13, 9, 0, 0, 4]"
GRB081007,GRB081007_330856.png,11,0,2,0,"[10, 1, 3, 0, 0, 0]"
GRB081008,GRB081008_331093.png,2,12,26,2,"[27, 7, 17, 0, 2, 4]"
GRB081011,GRB081011_331332.png,9,12,12,7,"[8, 18, 11, 0, 2, 11]"
GRB081012,GRB081012_331475.png,19,7,14,2,"[19, 6, 20, 0, 4, 6]"
GRB081016B,GRB081016B_331856.png,12,0,0,0,"[9, 1, 1, 0, 2, 2]"
GRB081022,GRB081022_332399.png,16,13,11,7,"[18, 12, 8, 0, 4, 13]"
GRB081024A,GRB081024A_332516.png,11,0,0,0,"[10, 0, 0, 0, 1, 1]"
GRB081028A,GRB081028A_332851.png,0,11,24,8,"[18, 8, 17, 0, 3, 12]"
GRB081029,GRB081029_332931.png,1,2,2,12,"[2, 0, 2, 0, 1, 13]"
GRB081101,GRB081101_333320.png,11,0,1,0,"[10, 1, 1, 0, 0, 0]"
GRB081102,GRB081102_333427.png,10,16,16,5,"[13, 20, 24, 0, 2, 7]"
GRB081104,GRB081104_333666.png,21,8,13,5,"[24, 6, 11, 0, 2, 7]"
GRB081105A,None,22,1,7,2,"[13, 5, 4, 0, 9, 11]"
GRB081109A,GRB081109A_334112.png,20,28,0,3,"[16, 24, 11, 0, 1, 5]"
GRB081118,GRB081118_334877.png,15,4,11,11,"[15, 6, 10, 0, 2, 13]"
GRB081121,GRB081121_335105.png,3,3,13,3,"[8, 0, 12, 0, 3, 6]"
GRB081126,GRB081126_335647.png,1,1,13,0,"[13, 0, 5, 0, 0, 1]"
GRB081127,GRB081127_335715.png,7,6,8,18,"[9, 4, 8, 0, 4, 22]"
GRB081128,GRB081128_335895.png,15,5,15,3,"[17, 13, 17, 0, 2, 5]"
GRB081203A,GRB081203A_336489.png,20,12,7,5,"[15, 15, 12, 0, 2, 7]"
GRB081210,GRB081210_337073.png,9,18,17,2,"[25, 8, 25, 0, 1, 3]"
GRB081211A,GRB081211A_337115.png,13,0,0,0,"[9, 3, 3, 0, 0, 0]"
GRB081221,GRB081221_337889.png,2,2,11,1,"[7, 7, 8, 0, 0, 1]"
GRB081222,GRB081222_337914.png,23,20,1,5,"[10, 29, 6, 0, 2, 8]"
GRB081226A,GRB081226A_338177.png,13,2,1,2,"[11, 1, 0, 0, 3, 6]"
GRB081228,GRB081228_338338.png,12,0,0,1,"[10, 2, 0, 0, 0, 1]"
GRB081230,GRB081230_338633.png,4,3,17,6,"[9, 6, 14, 0, 2, 9]"
GRB090102,GRB090102_338895.png,0,1,12,1,"[3, 3, 11, 0, 0, 1]"
GRB090107A,GRB090107A_339295.png,4,10,25,4,"[26, 5, 12, 0, 1, 5]"
GRB090111,GRB090111_339696.png,1,2,16,3,"[3, 11, 12, 0, 0, 3]"
GRB090113,GRB090113_339852.png,1,0,10,0,"[7, 3, 5, 0, 1, 1]"
GRB090123,GRB090123_340895.png,14,15,12,5,"[17, 11, 16, 0, 1, 6]"
GRB090129,GRB090129_341504.png,31,16,3,3,"[5, 44, 1, 0, 0, 3]"
GRB090201,GRB090201_341749.png,2,4,18,1,"[11, 20, 11, 0, 1, 2]"
GRB090205,GRB090205_342121.png,14,2,3,0,"[14, 2, 3, 0, 1, 1]"
GRB090301A,GRB090301A_344582.png,1,4,18,0,"[8, 5, 16, 0, 2, 2]"
GRB090305A,GRB090305A_345127.png,20,0,3,1,"[12, 5, 2, 0, 5, 6]"
GRB090307A,GRB090307A_345551.png,3,4,16,29,"[9, 1, 12, 0, 5, 34]"
GRB090308A,GRB090308A_345777.png,3,3,19,22,"[9, 3, 9, 0, 5, 30]"
GRB090309A,GRB090309A_345945.png,12,2,0,0,"[9, 3, 0, 0, 1, 1]"
GRB090313,GRB090313_346386.png,6,2,12,32,"[9, 1, 8, 0, 3, 35]"
GRB090401A,GRB090401A_348128.png,7,2,21,0,"[14, 2, 18, 0, 2, 3]"
GRB090401B,GRB090401B_348152.png,22,15,1,3,"[14, 17, 5, 0, 3, 6]"
GRB090404,GRB090404_348428.png,1,4,14,2,"[9, 6, 12, 0, 1, 3]"
GRB090407,GRB090407_348650.png,3,11,14,22,"[10, 6, 11, 0, 4, 29]"
GRB090410,GRB090410_348929.png,4,5,15,1,"[15, 5, 7, 0, 1, 2]"
GRB090417A,GRB090417A_349447.png,14,1,12,13,"[12, 1, 1, 0, 12, 26]"
GRB090417B,GRB090417B_349450.png,0,0,0,13,"[0, 0, 0, 0, 0, 13]"
GRB090418A,GRB090418A_349510.png,0,14,23,6,"[17, 7, 28, 0, 1, 8]"
GRB090419,GRB090419_349592.png,0,0,1,12,"[0, 0, 0, 0, 1, 13]"
GRB090422,GRB090422_349931.png,2,6,22,1,"[18, 12, 7, 0, 0, 1]"
GRB090423,GRB090423_350184.png,15,2,3,0,"[13, 3, 5, 0, 2, 2]"
GRB090424,GRB090424_350311.png,25,21,7,2,"[27, 20, 15, 0, 2, 5]"
GRB090426,GRB090426_350479.png,11,0,1,1,"[7, 3, 1, 0, 1, 2]"
GRB090429A,GRB090429A_350853.png,16,22,6,6,"[15, 13, 16, 0, 4, 14]"
GRB090429B,GRB090429B_350854.png,11,1,0,0,"[10, 1, 1, 0, 1, 1]"
GRB090509,GRB090509_351525.png,5,6,18,19,"[12, 8, 12, 0, 3, 24]"
GRB090510,GRB090510_351588.png,22,9,2,4,"[22, 9, 4, 0, 1, 5]"
GRB090515,GRB090515_352108.png,14,1,3,2,"[9, 3, 0, 0, 5, 7]"
GRB090516A,GRB090516A_352190.png,8,17,9,7,"[10, 10, 16, 0, 2, 12]"
GRB090518,GRB090518_352420.png,34,22,2,0,"[37, 12, 7, 0, 2, 3]"
GRB090519,GRB090519_352648.png,6,22,14,10,"[4, 17, 24, 0, 4, 15]"
GRB090529A,GRB090529A_353540.png,9,22,11,15,"[2, 26, 9, 0, 6, 24]"
GRB090530,GRB090530_353567.png,5,15,3,0,"[6, 15, 8, 0, 2, 2]"
GRB090531A,GRB090531A_353627.png,20,4,7,1,"[25, 3, 5, 0, 0, 1]"
GRB090531B,GRB090531B_353728.png,8,17,13,4,"[19, 8, 19, 0, 1, 6]"
GRB090607,GRB090607_354299.png,18,11,19,4,"[32, 2, 14, 0, 3, 7]"
GRB090618,GRB090618_355083.png,0,7,21,1,"[7, 12, 20, 0, 1, 2]"
GRB090621A,GRB090621A_355303.png,20,2,22,7,"[17, 6, 5, 0, 19, 29]"
GRB090621B,GRB090621B_355359.png,21,0,5,2,"[17, 1, 2, 0, 7, 9]"
GRB090628,GRB090628_355942.png,11,9,16,2,"[13, 9, 19, 0, 3, 7]"
GRB090708,GRB090708_356776.png,26,5,18,3,"[31, 8, 14, 0, 6, 9]"
GRB090709A,GRB090709A_356890.png,27,8,9,6,"[29, 6, 18, 0, 0, 6]"
GRB090709B,GRB090709B_356912.png,13,13,11,2,"[11, 12, 14, 0, 2, 4]"
GRB090712,GRB090712_357072.png,18,9,9,4,"[21, 3, 11, 0, 4, 9]"
GRB090715A,GRB090715A_357498.png,17,21,4,1,"[21, 14, 12, 0, 1, 2]"
GRB090715B,GRB090715B_357512.png,5,19,24,6,"[36, 5, 21, 0, 1, 7]"
GRB090720A,None,20,1,1,1,"[17, 3, 0, 0, 2, 3]"
GRB090726,GRB090726_358422.png,7,10,17,12,"[15, 5, 15, 0, 1, 13]"
GRB090727,GRB090727_358520.png,9,17,11,13,"[11, 20, 16, 0, 1, 19]"
GRB090728,GRB090728_358574.png,22,20,6,5,"[7, 29, 12, 0, 3, 8]"
GRB090807A,GRB090807A_359378.png,2,4,16,26,"[5, 1, 17, 0, 1, 28]"
GRB090809A,GRB090809A_359530.png,15,3,3,0,"[19, 0, 2, 0, 1, 1]"
GRB090812,GRB090812_359711.png,6,18,20,6,"[15, 7, 26, 0, 5, 11]"
GRB090813,GRB090813_359884.png,10,10,24,4,"[24, 14, 15, 0, 0, 4]"
GRB090814A,GRB090814A_359951.png,2,5,16,23,"[2, 7, 8, 0, 4, 32]"
GRB090827,None,16,0,2,0,"[13, 2, 0, 0, 3, 3]"
GRB090831C,GRB090831C_361489.png,15,21,4,7,"[15, 13, 12, 0, 4, 12]"
GRB090904A,GRB090904A_361830.png,16,11,10,3,"[9, 23, 16, 0, 1, 5]"
GRB090904B,GRB090904B_361831.png,0,6,19,2,"[7, 1, 15, 0, 2, 5]"
GRB090912,GRB090912_362633.png,7,12,27,2,"[17, 27, 25, 0, 1, 5]"
GRB090916,GRB090916_362818.png,4,12,0,2,"[1, 8, 8, 0, 3, 5]"
GRB090926B,GRB090926B_370791.png,24,23,1,5,"[5, 40, 4, 0, 1, 6]"
GRB090927,GRB090927_370846.png,12,0,0,0,"[5, 7, 1, 0, 0, 0]"
GRB090929B,GRB090929B_371050.png,11,18,17,5,"[20, 7, 19, 0, 2, 9]"
GRB091018,GRB091018_373172.png,12,1,0,0,"[6, 5, 0, 0, 1, 1]"
GRB091020,GRB091020_373458.png,25,20,10,3,"[20, 30, 24, 0, 2, 5]"
GRB091024,GRB091024_373674.png,2,18,19,4,"[6, 27, 17, 0, 0, 4]"
GRB091026,GRB091026_373871.png,34,20,2,2,"[17, 35, 4, 0, 2, 4]"
GRB091029,GRB091029_374210.png,1,3,14,3,"[13, 2, 8, 0, 0, 3]"
GRB091102,GRB091102_374598.png,7,6,13,1,"[11, 7, 9, 0, 1, 2]"
GRB091104,GRB091104_374875.png,1,1,3,16,"[2, 1, 3, 0, 2, 18]"
GRB091109A,GRB091109A_375246.png,6,13,9,8,"[7, 16, 15, 0, 1, 9]"
GRB091109B,GRB091109B_375409.png,11,0,0,0,"[8, 0, 0, 0, 3, 3]"
GRB091112,GRB091112_375659.png,28,4,11,3,"[31, 1, 11, 0, 4, 7]"
GRB091127,GRB091127_377179.png,25,11,17,2,"[22, 18, 22, 0, 5, 7]"
GRB091130B,GRB091130B_377487.png,19,18,8,2,"[16, 18, 22, 0, 0, 2]"
GRB091208A,GRB091208A_378554.png,1,12,0,0,"[4, 9, 1, 0, 1, 1]"
GRB091208B,GRB091208B_378559.png,1,4,14,0,"[4, 13, 7, 0, 0, 0]"
GRB091221,GRB091221_380311.png,16,8,16,2,"[22, 5, 19, 0, 2, 4]"
GRB100111A,GRB100111A_382399.png,16,2,3,2,"[13, 5, 5, 0, 2, 4]"
GRB100117A,GRB100117A_382941.png,13,1,1,0,"[10, 2, 1, 0, 1, 1]"
GRB100119A,GRB100119A_383063.png,1,5,18,3,"[8, 1, 19, 0, 0, 3]"
GRB100205A,GRB100205A_411248.png,4,3,12,3,"[8, 2, 10, 0, 4, 8]"
GRB100206A,GRB100206A_411412.png,11,0,2,2,"[10, 0, 0, 0, 3, 5]"
GRB100212A,GRB100212A_412081.png,5,14,22,4,"[26, 6, 19, 0, 1, 5]"
GRB100213A,GRB100213A_412217.png,11,0,0,0,"[10, 0, 0, 0, 1, 1]"
GRB100213B,GRB100213B_412220.png,4,15,3,0,"[3, 15, 8, 0, 0, 1]"
GRB100219A,GRB100219A_412982.png,11,6,17,18,"[12, 2, 19, 0, 6, 25]"
GRB100302A,GRB100302A_414592.png,3,6,15,4,"[5, 0, 14, 0, 5, 10]"
GRB100305A,GRB100305A_414905.png,7,5,19,19,"[10, 5, 14, 0, 6, 26]"
GRB100316A,GRB100316A_416076.png,33,2,9,2,"[21, 8, 10, 0, 5, 8]"
GRB100316B,GRB100316B_416103.png,19,3,5,0,"[11, 9, 4, 0, 4, 4]"
GRB100316C,GRB100316C_416115.png,29,7,10,2,"[21, 17, 11, 0, 3, 7]"
GRB100316D,GRB100316D_416135.png,0,3,2,18,"[2, 2, 2, 0, 0, 18]"
GRB100413A,GRB100413A_419404.png,3,13,20,14,"[13, 9, 18, 0, 4, 19]"
GRB100418A,GRB100418A_419797.png,23,5,18,3,"[27, 9, 11, 0, 6, 10]"
GRB100420A,GRB100420A_419932.png,0,0,1,11,"[0, 0, 1, 0, 0, 11]"
GRB100423A,GRB100423A_420247.png,14,27,2,1,"[0, 39, 4, 0, 1, 3]"
GRB100424A,GRB100424A_420367.png,8,8,9,21,"[7, 9, 14, 0, 3, 24]"
GRB100425A,GRB100425A_420398.png,6,14,21,3,"[17, 14, 17, 0, 4, 8]"
GRB100504A,GRB100504A_421124.png,12,25,6,6,"[16, 18, 18, 0, 3, 9]"
GRB100508A,GRB100508A_421386.png,5,11,12,18,"[12, 7, 13, 0, 2, 21]"
GRB100513A,GRB100513A_421814.png,12,6,15,13,"[8, 7, 13, 0, 4, 20]"
GRB100514A,GRB100514A_421962.png,15,17,12,3,"[3, 32, 15, 0, 0, 3]"
GRB100522A,GRB100522A_422783.png,1,4,12,1,"[10, 7, 4, 0, 1, 2]"
GRB100526A,GRB100526A_423181.png,1,2,20,23,"[5, 3, 17, 0, 2, 25]"
GRB100526B,GRB100526B_423184.png,2,1,12,26,"[6, 2, 9, 0, 3, 29]"
GRB100606A,GRB100606A_424031.png,3,13,4,1,"[2, 14, 11, 0, 0, 1]"
GRB100614A,GRB100614A_424716.png,14,9,9,16,"[7, 15, 12, 0, 2, 21]"
GRB100615A,GRB100615A_424733.png,0,1,11,0,"[0, 6, 6, 0, 1, 1]"
GRB100619A,GRB100619A_424998.png,1,1,8,1,"[6, 2, 4, 0, 0, 2]"
GRB100621A,GRB100621A_425151.png,20,14,12,5,"[30, 6, 23, 0, 1, 6]"
GRB100625A,GRB100625A_425647.png,11,0,0,0,"[10, 0, 0, 0, 1, 1]"
GRB100628A,GRB100628A_426114.png,15,1,3,1,"[13, 0, 1, 0, 5, 7]"
GRB100702A,GRB100702A_426438.png,13,1,0,1,"[10, 2, 1, 0, 0, 2]"
GRB100704A,GRB100704A_426722.png,7,17,14,3,"[30, 3, 22, 0, 1, 4]"
GRB100719A,GRB100719A_429357.png,12,16,11,6,"[9, 14, 16, 0, 6, 12]"
GRB100724A,GRB100724A_429868.png,14,0,1,0,"[13, 2, 1, 0, 0, 0]"
GRB100725A,GRB100725A_429954.png,5,23,12,6,"[7, 21, 17, 0, 4, 12]"
GRB100725B,GRB100725B_429969.png,0,1,11,0,"[5, 6, 8, 0, 0, 0]"
GRB100727A,GRB100727A_430094.png,17,12,10,5,"[5, 29, 14, 0, 0, 5]"
GRB100728A,GRB100728A_430151.png,13,13,14,4,"[14, 6, 21, 0, 4, 8]"
GRB100728B,GRB100728B_430172.png,23,18,1,2,"[7, 26, 6, 0, 1, 4]"
GRB100802A,GRB100802A_430603.png,16,29,6,3,"[5, 38, 10, 0, 5, 9]"
GRB100805A,GRB100805A_430957.png,6,13,22,7,"[14, 2, 26, 0, 4, 11]"
GRB100807A,GRB100807A_431128.png,11,0,1,0,"[8, 1, 0, 0, 2, 2]"
GRB100814A,GRB100814A_431605.png,5,20,24,3,"[9, 27, 32, 0, 1, 4]"
GRB100816A,GRB100816A_431764.png,14,0,0,1,"[11, 1, 0, 0, 2, 3]"
GRB100823A,GRB100823A_432420.png,27,18,0,1,"[1, 40, 5, 0, 0, 1]"
GRB100901A,GRB100901A_433065.png,6,7,11,20,"[15, 5, 12, 0, 1, 24]"
GRB100902A,GRB100902A_433160.png,1,1,11,2,"[1, 7, 6, 0, 0, 2]"
GRB100904A,GRB100904A_433273.png,4,4,16,0,"[13, 2, 13, 0, 1, 1]"
GRB100905A,GRB100905A_433442.png,15,0,0,0,"[14, 0, 0, 0, 1, 1]"
GRB100906A,GRB100906A_433509.png,2,5,16,0,"[5, 13, 13, 0, 1, 1]"
GRB100915A,GRB100915A_434178.png,5,6,9,30,"[10, 1, 5, 0, 4, 37]"
GRB100917A,GRB100917A_434360.png,7,12,9,6,"[3, 17, 11, 0, 3, 11]"
GRB100924A,GRB100924A_434843.png,0,1,11,1,"[5, 4, 8, 0, 1, 2]"
GRB100928A,GRB100928A_435160.png,15,0,1,1,"[15, 2, 0, 0, 0, 1]"
GRB101008A,GRB101008A_435903.png,15,22,2,5,"[11, 23, 7, 0, 1, 6]"
GRB101011A,GRB101011A_436094.png,2,11,2,1,"[1, 13, 4, 0, 0, 1]"
GRB101017A,GRB101017A_436429.png,2,16,1,3,"[0, 16, 10, 0, 0, 3]"
GRB101020A,GRB101020A_436737.png,6,2,12,30,"[4, 6, 7, 0, 2, 33]"
GRB101023A,GRB101023A_436981.png,21,10,30,3,"[39, 20, 21, 0, 2, 5]"
GRB101024A,GRB101024A_437016.png,1,2,12,0,"[11, 3, 4, 0, 0, 0]"
GRB101030A,GRB101030A_437408.png,6,13,27,4,"[22, 17, 18, 0, 2, 6]"
GRB101117B,GRB101117B_438675.png,12,0,0,0,"[8, 3, 0, 0, 1, 1]"
GRB101201A,None,11,1,17,10,"[5, 1, 3, 0, 18, 30]"
GRB101204A,None,18,1,14,5,"[14, 3, 3, 0, 12, 19]"
GRB101213A,GRB101213A_440285.png,14,31,1,5,"[1, 42, 5, 0, 1, 6]"
GRB101219A,GRB101219A_440606.png,11,1,0,0,"[8, 5, 0, 0, 0, 0]"
GRB101219B,GRB101219B_440635.png,6,2,18,19,"[8, 2, 11, 0, 5, 25]"
GRB101224A,GRB101224A_440955.png,11,0,1,0,"[7, 2, 2, 0, 1, 1]"
GRB110102A,GRB110102A_441454.png,0,0,11,0,"[9, 3, 6, 0, 0, 0]"
GRB110106A,GRB110106A_441664.png,12,1,0,0,"[9, 4, 0, 0, 0, 0]"
GRB110106B,GRB110106B_441676.png,1,6,19,1,"[8, 7, 18, 0, 0, 1]"
GRB110112A,GRB110112A_442039.png,15,0,3,1,"[10, 3, 1, 0, 5, 6]"
GRB110119A,GRB110119A_442978.png,1,4,16,1,"[5, 2, 15, 0, 1, 2]"
GRB110128A,GRB110128A_443861.png,13,10,17,8,"[12, 12, 20, 0, 4, 12]"
GRB110201A,GRB110201A_444230.png,14,16,12,2,"[9, 29, 11, 0, 2, 4]"
GRB110205A,GRB110205A_444643.png,4,4,15,2,"[11, 5, 14, 0, 1, 3]"
GRB110207A,GRB110207A_444912.png,0,3,15,4,"[2, 6, 14, 0, 1, 5]"
GRB110208A,GRB110208A_445038.png,20,15,7,4,"[14, 15, 12, 0, 5, 9]"
GRB110210A,GRB110210A_445141.png,0,0,0,12,"[0, 0, 0, 0, 0, 12]"
GRB110212A,GRB110212A_445321.png,13,0,1,0,"[12, 0, 0, 0, 2, 2]"
GRB110213A,GRB110213A_445414.png,26,6,13,2,"[30, 10, 21, 0, 1, 4]"
GRB110223A,GRB110223A_446674.png,21,15,4,3,"[7, 31, 3, 0, 3, 6]"
GRB110223B,GRB110223B_446677.png,4,7,27,13,"[14, 4, 24, 0, 6, 21]"
GRB110305A,GRB110305A_448229.png,4,1,12,2,"[11, 1, 11, 0, 1, 3]"
GRB110312A,GRB110312A_449074.png,13,9,18,7,"[18, 5, 16, 0, 4, 11]"
GRB110315A,GRB110315A_449399.png,0,5,16,4,"[8, 4, 16, 0, 1, 5]"
GRB110318A,GRB110318A_449542.png,19,5,20,2,"[23, 16, 18, 0, 3, 5]"
GRB110318B,GRB110318B_449549.png,24,1,8,3,"[26, 3, 7, 0, 0, 3]"
GRB110319A,GRB110319A_449578.png,1,7,22,0,"[18, 9, 14, 0, 0, 1]"
GRB110402A,GRB110402A_450545.png,4,13,3,0,"[6, 9, 9, 0, 1, 1]"
GRB110407A,GRB110407A_450884.png,5,19,6,22,"[6, 14, 13, 0, 3, 28]"
GRB110411A,GRB110411A_451165.png,0,3,15,0,"[14, 2, 8, 0, 0, 0]"
GRB110412A,GRB110412A_451191.png,24,15,7,2,"[10, 33, 9, 0, 3, 5]"
GRB110414A,GRB110414A_451343.png,1,4,14,3,"[7, 6, 7, 0, 1, 4]"
GRB110420A,GRB110420A_451757.png,16,4,3,1,"[15, 5, 6, 0, 2, 3]"
GRB110420B,GRB110420B_451794.png,21,2,16,14,"[19, 3, 3, 0, 12, 28]"
GRB110422A,GRB110422A_451901.png,21,8,10,5,"[26, 6, 16, 0, 0, 5]"
GRB110503A,GRB110503A_452685.png,26,9,1,0,"[20, 13, 2, 0, 3, 3]"
GRB110519A,GRB110519A_453628.png,27,17,0,1,"[1, 42, 3, 0, 0, 1]"
GRB110520A,GRB110520A_453747.png,22,15,6,2,"[6, 35, 9, 0, 1, 3]"
GRB110521A,GRB110521A_453788.png,10,17,3,11,"[15, 10, 13, 0, 0, 11]"
GRB110530A,GRB110530A_454473.png,14,5,16,7,"[10, 2, 17, 0, 6, 13]"
GRB110610A,GRB110610A_455155.png,0,3,12,0,"[6, 2, 11, 0, 2, 2]"
GRB110625A,GRB110625A_456073.png,6,16,24,2,"[26, 8, 23, 0, 0, 2]"
GRB110709A,GRB110709A_456939.png,0,3,11,2,"[4, 2, 11, 0, 0, 2]"
GRB110709B,GRB110709B_456967.png,0,0,11,1,"[10, 2, 5, 0, 0, 1]"
GRB110715A,GRB110715A_457330.png,19,12,21,2,"[41, 7, 14, 0, 0, 2]"
GRB110719A,GRB110719A_457553.png,7,16,17,4,"[1, 25, 18, 0, 1, 5]"
GRB110726A,GRB110726A_458059.png,15,0,0,0,"[14, 1, 0, 0, 0, 0]"
GRB110731A,GRB110731A_458448.png,27,20,5,2,"[15, 33, 9, 0, 2, 4]"
GRB110801A,GRB110801A_458521.png,0,3,19,2,"[11, 11, 8, 0, 2, 4]"
GRB110808A,GRB110808A_458918.png,12,19,6,8,"[2, 23, 9, 0, 1, 11]"
GRB110818A,GRB110818A_500914.png,8,15,13,7,"[8, 12, 17, 0, 2, 10]"
GRB110820A,GRB110820A_501095.png,8,15,13,13,"[13, 9, 10, 0, 8, 24]"
GRB110827A,GRB110827A_501520.png,10,5,14,8,"[9, 5, 10, 0, 6, 15]"
GRB110915A,GRB110915A_503219.png,0,3,17,1,"[7, 4, 15, 0, 1, 2]"
GRB110921A,GRB110921A_503652.png,4,3,12,2,"[5, 3, 12, 0, 2, 4]"
GRB110928A,GRB110928A_504215.png,13,4,13,17,"[13, 2, 14, 0, 5, 22]"
GRB111005A,GRB111005A_504779.png,10,12,15,7,"[15, 3, 22, 0, 4, 11]"
GRB111008A,GRB111008A_505054.png,3,24,16,3,"[26, 13, 21, 0, 0, 3]"
GRB111016A,GRB111016A_505646.png,4,8,11,20,"[9, 4, 15, 0, 1, 22]"
GRB111018A,GRB111018A_505801.png,0,3,13,3,"[7, 3, 9, 0, 1, 4]"
GRB111020A,GRB111020A_505926.png,11,0,2,0,"[9, 1, 1, 0, 2, 2]"
GRB111022A,GRB111022A_506070.png,17,1,5,0,"[17, 0, 7, 0, 1, 1]"
GRB111022B,GRB111022B_506074.png,5,1,6,28,"[6, 0, 6, 0, 1, 30]"
GRB111026A,GRB111026A_506291.png,11,1,0,0,"[6, 6, 0, 0, 0, 0]"
GRB111029A,GRB111029A_506519.png,26,10,9,3,"[20, 13, 13, 0, 3, 6]"
GRB111103A,GRB111103A_506902.png,1,1,12,2,"[5, 4, 10, 0, 0, 2]"
GRB111103B,GRB111103B_506903.png,5,23,12,2,"[27, 13, 24, 0, 0, 2]"
GRB111107A,GRB111107A_507185.png,20,21,3,5,"[2, 39, 4, 0, 1, 6]"
GRB111109A,GRB111109A_507342.png,4,4,16,2,"[10, 4, 8, 0, 5, 8]"
GRB111117A,GRB111117A_507901.png,11,0,1,0,"[6, 2, 1, 0, 2, 3]"
GRB111121A,GRB111121A_508161.png,15,24,3,2,"[21, 16, 11, 0, 2, 4]"
GRB111123A,GRB111123A_508319.png,3,19,17,6,"[16, 9, 27, 0, 2, 9]"
GRB111129A,GRB111129A_508712.png,1,1,10,2,"[7, 1, 6, 0, 0, 2]"
GRB111204A,GRB111204A_509018.png,18,18,7,4,"[11, 21, 17, 0, 3, 8]"
GRB111209A,GRB111209A_509337.png,0,4,14,29,"[3, 4, 9, 0, 7, 38]"
GRB111210A,GRB111210A_509419.png,5,2,17,3,"[10, 3, 10, 0, 4, 7]"
GRB111212A,GRB111212A_509543.png,6,10,12,14,"[3, 16, 11, 0, 3, 19]"
GRB111215A,GRB111215A_509717.png,0,0,1,15,"[1, 0, 1, 0, 0, 15]"
GRB111225A,GRB111225A_510341.png,5,14,2,1,"[2, 19, 5, 0, 0, 2]"
GRB111228A,GRB111228A_510649.png,0,1,12,0,"[10, 1, 3, 0, 0, 0]"
GRB111229A,GRB111229A_510736.png,14,19,11,1,"[25, 8, 19, 0, 4, 6]"
GRB120102A,GRB120102A_510922.png,15,8,21,3,"[19, 17, 17, 0, 3, 7]"
GRB120106A,GRB120106A_511235.png,12,17,14,1,"[20, 11, 22, 0, 1, 2]"
GRB120116A,GRB120116A_511866.png,12,10,25,6,"[17, 26, 27, 0, 2, 8]"
GRB120118B,GRB120118B_512003.png,18,2,5,0,"[12, 11, 5, 0, 0, 0]"
GRB120119A,GRB120119A_512035.png,27,17,3,2,"[21, 18, 8, 0, 3, 5]"
GRB120121A,GRB120121A_512164.png,12,8,19,10,"[13, 3, 20, 0, 3, 13]"
GRB120211A,GRB120211A_514586.png,1,4,17,20,"[9, 1, 12, 0, 3, 24]"
GRB120212A,GRB120212A_514709.png,13,1,1,0,"[4, 11, 1, 0, 0, 0]"
GRB120213A,GRB120213A_514767.png,4,13,2,0,"[0, 18, 2, 0, 0, 0]"
GRB120215A,GRB120215A_515015.png,29,6,14,5,"[25, 12, 14, 0, 2, 7]"
GRB120218A,GRB120218A_515277.png,0,1,11,0,"[5, 2, 9, 0, 0, 0]"
GRB120219A,GRB120219A_515375.png,2,13,10,28,"[6, 5, 15, 0, 6, 35]"
GRB120224A,GRB120224A_515976.png,26,10,6,2,"[14, 21, 7, 0, 2, 5]"
GRB120229A,GRB120229A_516571.png,15,0,1,0,"[13, 2, 0, 0, 1, 1]"
GRB120305A,GRB120305A_516997.png,12,2,1,1,"[12, 2, 1, 0, 0, 1]"
GRB120308A,GRB120308A_517234.png,22,8,5,7,"[27, 4, 9, 0, 2, 9]"
GRB120311A,GRB120311A_517469.png,11,1,0,0,"[7, 2, 2, 0, 0, 0]"
GRB120311B,GRB120311B_517489.png,0,3,12,1,"[8, 2, 10, 0, 1, 2]"
GRB120312A,GRB120312A_517566.png,17,13,10,4,"[9, 23, 13, 0, 3, 7]"
GRB120320A,GRB120320A_518200.png,2,2,24,23,"[10, 1, 11, 0, 4, 29]"
GRB120324A,GRB120324A_518507.png,4,4,12,2,"[5, 7, 15, 0, 2, 4]"
GRB120326A,GRB120326A_518626.png,27,4,9,4,"[19, 21, 8, 0, 4, 9]"
GRB120327A,GRB120327A_518731.png,12,6,20,3,"[17, 12, 20, 0, 1, 4]"
GRB120328A,GRB120328A_518792.png,1,2,14,3,"[6, 4, 12, 0, 1, 4]"
GRB120401A,GRB120401A_519043.png,0,5,2,16,"[1, 1, 3, 0, 1, 18]"
GRB120403A,GRB120403A_519211.png,14,0,0,0,"[12, 1, 2, 0, 0, 0]"
GRB120403B,GRB120403B_519256.png,20,2,18,3,"[27, 2, 13, 0, 3, 6]"
GRB120404A,GRB120404A_519380.png,12,12,9,5,"[6, 15, 11, 0, 3, 8]"
GRB120422A,GRB120422A_520658.png,4,14,21,11,"[17, 6, 22, 0, 1, 12]"
GRB120514A,GRB120514A_522197.png,6,20,10,2,"[16, 14, 19, 0, 0, 5]"
GRB120521A,GRB120521A_522578.png,15,0,0,1,"[14, 0, 0, 0, 1, 2]"
GRB120521B,GRB120521B_522586.png,5,15,4,0,"[1, 15, 9, 0, 3, 4]"
GRB120521C,GRB120521C_522656.png,18,23,1,3,"[3, 38, 3, 0, 0, 3]"
GRB120612A,GRB120612A_524128.png,7,13,14,23,"[2, 18, 15, 0, 3, 29]"
GRB120624B,GRB120624B_525068.png,0,3,17,4,"[11, 3, 17, 0, 0, 4]"
GRB120630A,GRB120630A_525451.png,11,1,0,0,"[11, 1, 0, 0, 0, 0]"
GRB120701A,GRB120701A_525477.png,0,1,13,0,"[4, 4, 9, 0, 0, 0]"
GRB120703A,GRB120703A_525671.png,11,1,0,0,"[10, 1, 3, 0, 0, 0]"
GRB120711B,GRB120711B_526270.png,2,1,2,11,"[4, 0, 2, 0, 1, 12]"
GRB120712A,GRB120712A_526351.png,16,6,16,6,"[16, 4, 17, 0, 6, 12]"
GRB120714A,GRB120714A_526593.png,14,22,5,1,"[4, 29, 9, 0, 4, 5]"
GRB120714B,GRB120714B_526642.png,3,2,2,14,"[1, 6, 1, 0, 1, 15]"
GRB120722A,GRB120722A_528195.png,0,2,17,5,"[7, 1, 14, 0, 1, 7]"
GRB120724A,GRB120724A_528443.png,3,4,5,16,"[3, 2, 5, 0, 2, 19]"
GRB120728A,GRB120728A_529021.png,5,12,19,5,"[6, 14, 22, 0, 2, 9]"
GRB120729A,GRB120729A_529095.png,22,26,1,3,"[5, 38, 4, 0, 1, 4]"
GRB120802A,GRB120802A_529486.png,18,9,14,2,"[16, 17, 13, 0, 4, 6]"
GRB120803A,GRB120803A_529582.png,18,7,10,6,"[14, 13, 8, 0, 2, 9]"
GRB120803B,GRB120803B_529606.png,20,21,2,5,"[6, 37, 4, 0, 0, 5]"
GRB120804A,GRB120804A_529686.png,11,1,0,0,"[12, 0, 0, 0, 0, 0]"
GRB120805A,GRB120805A_530031.png,3,5,15,22,"[5, 6, 11, 0, 4, 27]"
GRB120807A,GRB120807A_530267.png,22,20,5,0,"[14, 21, 14, 0, 2, 2]"
GRB120811A,GRB120811A_530581.png,19,5,17,2,"[31, 4, 12, 0, 1, 3]"
GRB120811C,GRB120811C_530689.png,14,3,0,0,"[16, 2, 3, 0, 0, 0]"
GRB120815A,GRB120815A_531003.png,31,11,0,5,"[6, 36, 3, 0, 0, 5]"
GRB120816A,GRB120816A_531223.png,14,4,0,0,"[3, 13, 0, 0, 2, 2]"
GRB120817A,GRB120817A_531267.png,2,12,18,5,"[17, 3, 19, 0, 1, 6]"
GRB120817B,None,11,2,27,10,"[8, 0, 0, 0, 30, 40]"
GRB120819A,GRB120819A_531428.png,6,7,11,24,"[5, 7, 14, 0, 3, 27]"
GRB120907A,GRB120907A_532871.png,23,9,6,3,"[16, 12, 12, 0, 2, 6]"
GRB120909A,GRB120909A_533060.png,6,23,13,9,"[4, 21, 16, 0, 5, 17]"
GRB120911A,GRB120911A_533268.png,8,11,18,1,"[24, 7, 13, 0, 0, 1]"
GRB120913A,GRB120913A_533568.png,2,3,16,0,"[10, 11, 6, 0, 2, 2]"
GRB120913B,GRB120913B_533613.png,3,4,13,1,"[11, 3, 12, 0, 1, 2]"
GRB120918A,GRB120918A_534015.png,3,25,18,5,"[17, 15, 25, 0, 1, 6]"
GRB120922A,GRB120922A_534394.png,0,2,13,1,"[8, 7, 11, 0, 0, 1]"
GRB120923A,GRB120923A_534402.png,3,4,24,17,"[9, 1, 18, 0, 6, 25]"
GRB120927A,GRB120927A_534815.png,16,11,13,2,"[16, 23, 22, 0, 0, 3]"
GRB121001A,GRB121001A_535026.png,9,14,7,18,"[0, 21, 11, 0, 3, 21]"
GRB121011A,GRB121011A_535764.png,1,11,0,0,"[5, 7, 2, 0, 0, 0]"
GRB121014A,GRB121014A_535960.png,0,2,12,1,"[11, 4, 8, 0, 0, 1]"
GRB121017A,GRB121017A_536172.png,9,1,3,0,"[7, 1, 3, 0, 2, 2]"
GRB121024A,GRB121024A_536580.png,12,20,6,4,"[20, 5, 18, 0, 2, 7]"
GRB121027A,GRB121027A_536831.png,9,19,7,3,"[8, 23, 16, 0, 0, 3]"
GRB121028A,GRB121028A_536897.png,10,0,2,0,"[7, 1, 1, 0, 3, 3]"
GRB121031A,GRB121031A_537195.png,4,15,23,2,"[24, 12, 16, 0, 1, 4]"
GRB121102A,GRB121102A_537266.png,5,15,2,0,"[4, 18, 5, 0, 0, 0]"
GRB121108A,GRB121108A_537921.png,0,2,16,2,"[4, 3, 11, 0, 2, 4]"
GRB121117A,GRB121117A_538696.png,24,15,4,4,"[8, 30, 14, 0, 0, 4]"
GRB121123A,GRB121123A_539358.png,26,14,5,5,"[9, 32, 9, 0, 0, 5]"
GRB121125A,GRB121125A_539563.png,5,13,20,4,"[16, 9, 23, 0, 2, 6]"
GRB121128A,GRB121128A_539866.png,19,11,21,1,"[22, 9, 30, 0, 4, 5]"
GRB121201A,GRB121201A_540178.png,0,4,16,4,"[6, 2, 15, 0, 1, 6]"
GRB121202A,GRB121202A_540255.png,2,4,15,3,"[5, 4, 15, 0, 2, 5]"
GRB121209A,GRB121209A_540964.png,0,4,18,3,"[11, 7, 13, 0, 0, 3]"
GRB121211A,GRB121211A_541200.png,3,12,18,10,"[19, 5, 17, 0, 2, 12]"
GRB121212A,GRB121212A_541371.png,28,8,16,6,"[27, 13, 8, 0, 6, 12]"
GRB121217A,GRB121217A_542441.png,0,0,11,2,"[5, 5, 7, 0, 0, 2]"
GRB121226A,GRB121226A_544027.png,15,0,1,0,"[16, 0, 0, 0, 0, 0]"
GRB121229A,GRB121229A_544347.png,1,1,3,15,"[2, 1, 2, 0, 1, 16]"
GRB130102A,GRB130102A_544784.png,2,5,3,18,"[1, 9, 3, 0, 1, 19]"
GRB130122A,GRB130122A_546731.png,6,11,7,22,"[0, 14, 9, 0, 3, 25]"
GRB130131A,GRB130131A_547407.png,4,16,23,5,"[23, 12, 14, 0, 0, 6]"
GRB130131B,GRB130131B_547420.png,26,8,13,3,"[20, 17, 13, 0, 4, 8]"
GRB130206A,GRB130206A_547918.png,0,23,14,8,"[12, 8, 24, 0, 1, 12]"
GRB130211A,GRB130211A_548276.png,5,17,17,9,"[9, 14, 24, 0, 4, 14]"
GRB130215A,GRB130215A_548760.png,13,17,9,9,"[5, 23, 12, 0, 2, 12]"
GRB130216A,GRB130216A_548927.png,29,4,9,1,"[25, 5, 9, 0, 7, 8]"
GRB130305A,None,12,0,4,2,"[10, 1, 1, 0, 5, 7]"
GRB130306A,GRB130306A_550457.png,2,10,1,0,"[1, 11, 4, 0, 0, 0]"
GRB130313A,GRB130313A_550906.png,12,0,1,0,"[11, 0, 1, 0, 0, 0]"
GRB130315A,GRB130315A_551126.png,2,17,29,5,"[21, 34, 26, 0, 1, 8]"
GRB130327A,GRB130327A_552063.png,12,0,1,0,"[10, 2, 2, 0, 0, 0]"
GRB130408A,GRB130408A_553132.png,13,4,3,0,"[14, 5, 3, 0, 2, 2]"
GRB130418A,GRB130418A_553847.png,1,2,2,19,"[0, 3, 0, 0, 2, 22]"
GRB130419A,GRB130419A_553918.png,5,4,5,16,"[2, 8, 5, 0, 1, 17]"
GRB130420A,GRB130420A_553977.png,15,2,4,0,"[17, 1, 4, 0, 2, 2]"
GRB130420B,GRB130420B_553996.png,18,2,1,1,"[16, 5, 0, 0, 1, 2]"
GRB130427A,GRB130427A_554620.png,18,23,8,2,"[19, 26, 11, 0, 0, 2]"
GRB130427B,GRB130427B_554635.png,18,16,2,3,"[16, 17, 6, 0, 0, 3]"
GRB130502A,GRB130502A_554996.png,23,12,5,3,"[12, 18, 12, 0, 1, 4]"
GRB130504A,GRB130504A_555096.png,9,15,15,4,"[14, 17, 17, 0, 2, 7]"
GRB130505A,GRB130505A_555163.png,30,24,1,2,"[17, 31, 2, 0, 7, 9]"
GRB130508A,GRB130508A_555413.png,6,17,12,10,"[2, 22, 11, 0, 5, 16]"
GRB130511A,GRB130511A_555600.png,12,1,2,0,"[7, 3, 2, 0, 3, 3]"
GRB130514A,GRB130514A_555821.png,5,29,14,0,"[15, 30, 22, 0, 2, 3]"
GRB130515A,GRB130515A_555880.png,12,0,0,1,"[12, 0, 0, 0, 0, 1]"
GRB130518A,None,14,2,24,4,"[8, 6, 3, 0, 23, 27]"
GRB130521A,GRB130521A_556344.png,17,5,2,0,"[12, 12, 1, 0, 0, 0]"
GRB130527A,GRB130527A_556753.png,17,20,12,3,"[23, 14, 20, 0, 5, 9]"
GRB130528A,GRB130528A_556870.png,20,23,6,3,"[14, 23, 15, 0, 0, 5]"
GRB130529A,GRB130529A_556930.png,5,11,18,19,"[15, 6, 17, 0, 3, 24]"
GRB130603A,GRB130603A_557274.png,14,16,5,7,"[16, 11, 9, 0, 1, 8]"
GRB130603B,GRB130603B_557310.png,12,0,0,2,"[10, 0, 0, 0, 2, 4]"
GRB130604A,GRB130604A_557354.png,13,19,2,7,"[2, 30, 6, 0, 0, 8]"
GRB130605A,GRB130605A_557508.png,13,3,2,0,"[12, 2, 3, 0, 2, 2]"
GRB130606A,GRB130606A_557589.png,14,5,21,3,"[29, 5, 12, 0, 1, 4]"
GRB130608A,GRB130608A_557771.png,2,3,18,30,"[9, 5, 9, 0, 4, 35]"
GRB130609A,GRB130609A_557782.png,15,3,2,0,"[11, 10, 2, 0, 1, 1]"
GRB130609B,GRB130609B_557828.png,6,23,18,1,"[12, 27, 17, 0, 1, 3]"
GRB130610A,GRB130610A_557845.png,17,18,2,4,"[8, 29, 5, 0, 0, 4]"
GRB130612A,GRB130612A_557976.png,17,2,0,0,"[13, 6, 1, 0, 0, 0]"
GRB130615A,GRB130615A_558271.png,0,1,0,12,"[0, 1, 1, 0, 0, 12]"
GRB130625A,GRB130625A_558982.png,22,2,5,0,"[20, 2, 7, 0, 4, 4]"
GRB130626A,GRB130626A_559075.png,16,0,2,0,"[12, 1, 2, 0, 3, 3]"
GRB130627A,GRB130627A_559132.png,18,5,15,7,"[17, 6, 15, 0, 5, 12]"
GRB130627B,GRB130627B_559139.png,19,21,5,2,"[13, 26, 10, 0, 2, 5]"
GRB130701A,GRB130701A_559482.png,18,1,4,1,"[13, 7, 3, 0, 3, 4]"
GRB130716A,GRB130716A_561974.png,23,18,3,7,"[29, 7, 8, 0, 5, 13]"
GRB130719A,GRB130719A_562625.png,4,0,4,17,"[0, 3, 4, 0, 2, 21]"
GRB130722A,GRB130722A_563213.png,4,3,13,0,"[13, 3, 13, 0, 0, 0]"
GRB130725A,GRB130725A_563980.png,6,12,12,14,"[14, 4, 9, 0, 5, 19]"
GRB130725B,GRB130725B_564028.png,15,3,1,0,"[1, 17, 1, 0, 0, 0]"
GRB130727A,GRB130727A_564342.png,24,13,17,2,"[25, 16, 26, 0, 2, 4]"
GRB130803A,GRB130803A_565263.png,10,15,18,3,"[28, 13, 10, 0, 2, 5]"
GRB130806A,GRB130806A_565562.png,23,4,29,3,"[34, 5, 15, 0, 4, 7]"
GRB130807A,GRB130807A_565651.png,4,12,3,3,"[6, 14, 4, 0, 1, 4]"
GRB130812A,GRB130812A_566228.png,2,5,15,3,"[6, 4, 15, 0, 2, 5]"
GRB130816A,GRB130816A_566545.png,2,1,15,0,"[13, 0, 7, 0, 1, 1]"
GRB130816B,GRB130816B_566561.png,11,0,0,0,"[7, 0, 0, 0, 4, 4]"
GRB130822A,GRB130822A_567163.png,11,2,9,20,"[10, 3, 2, 0, 7, 29]"
GRB130829A,GRB130829A_568417.png,22,9,9,1,"[31, 7, 9, 0, 2, 4]"
GRB130831A,GRB130831A_568849.png,12,21,6,1,"[4, 36, 7, 0, 1, 2]"
GRB130831B,GRB130831B_568855.png,20,8,9,4,"[20, 9, 16, 0, 0, 4]"
GRB130907A,GRB130907A_569992.png,6,14,13,9,"[11, 12, 19, 0, 3, 13]"
GRB130912A,GRB130912A_570465.png,15,0,1,1,"[13, 1, 3, 0, 0, 1]"
GRB130919A,GRB130919A_571271.png,3,7,14,25,"[5, 6, 12, 0, 4, 31]"
GRB130925A,GRB130925A_571830.png,4,13,1,2,"[2, 15, 4, 0, 0, 2]"
GRB130929A,GRB130929A_572308.png,15,4,1,0,"[7, 10, 3, 0, 1, 1]"
GRB131002A,GRB131002A_572721.png,1,2,12,1,"[6, 9, 4, 0, 0, 1]"
GRB131002B,GRB131002B_572742.png,14,12,7,6,"[5, 22, 9, 0, 0, 6]"
GRB131004A,GRB131004A_573190.png,15,1,1,0,"[10, 6, 2, 0, 0, 0]"
GRB131018A,GRB131018A_574935.png,9,9,14,13,"[9, 8, 20, 0, 1, 14]"
GRB131024A,GRB131024A_575707.png,7,10,24,9,"[15, 12, 16, 0, 4, 15]"
GRB131024B,GRB131024B_575754.png,3,10,10,24,"[0, 10, 9, 0, 3, 30]"
GRB131030A,GRB131030A_576238.png,28,17,0,3,"[13, 26, 5, 0, 3, 6]"
GRB131031A,None,3,5,17,4,"[5, 6, 9, 0, 5, 11]"
GRB131103A,GRB131103A_576562.png,20,6,14,4,"[18, 5, 19, 0, 8, 14]"
GRB131105A,GRB131105A_576738.png,1,1,12,4,"[10, 0, 9, 0, 0, 4]"
GRB131117A,GRB131117A_577968.png,18,11,17,3,"[20, 11, 24, 0, 2, 5]"
GRB131120A,GRB131120A_578227.png,0,0,1,11,"[0, 0, 0, 0, 1, 12]"
GRB131127A,GRB131127A_579571.png,0,2,15,1,"[6, 3, 12, 0, 1, 2]"
GRB131128A,GRB131128A_579683.png,11,0,0,0,"[9, 1, 0, 0, 1, 1]"
GRB131202A,GRB131202A_579982.png,9,16,10,6,"[10, 14, 10, 0, 3, 11]"
GRB131205A,GRB131205A_580267.png,0,1,12,1,"[6, 3, 3, 0, 1, 2]"
GRB131226A,GRB131226A_582123.png,19,16,11,4,"[15, 13, 18, 0, 3, 7]"
GRB131227A,GRB131227A_582184.png,7,17,18,2,"[2, 32, 16, 0, 0, 2]"
GRB131229A,GRB131229A_582374.png,13,11,13,4,"[15, 9, 17, 0, 2, 6]"
GRB140102A,GRB140102A_582760.png,13,2,0,0,"[9, 4, 1, 0, 1, 1]"
GRB140103A,GRB140103A_582773.png,26,5,15,4,"[38, 3, 10, 0, 0, 4]"
GRB140108A,GRB140108A_583338.png,0,1,13,0,"[11, 1, 4, 0, 0, 0]"
GRB140114A,GRB140114A_583861.png,15,1,5,3,"[18, 0, 6, 0, 1, 5]"
GRB140118A,GRB140118A_584136.png,3,0,13,0,"[11, 1, 5, 0, 1, 1]"
GRB140129A,GRB140129A_585128.png,11,1,1,0,"[8, 5, 2, 0, 0, 0]"
GRB140129B,GRB140129B_585149.png,12,0,1,0,"[12, 1, 0, 0, 0, 0]"
GRB140206A,GRB140206A_585834.png,0,3,12,0,"[7, 7, 5, 0, 0, 0]"
GRB140209A,GRB140209A_586071.png,16,2,1,0,"[12, 4, 3, 0, 2, 2]"
GRB140211A,GRB140211A_586289.png,3,12,3,4,"[2, 10, 4, 0, 3, 8]"
GRB140213A,GRB140213A_586569.png,11,16,11,5,"[11, 18, 12, 0, 3, 8]"
GRB140215A,GRB140215A_586680.png,16,27,6,3,"[6, 39, 8, 0, 2, 5]"
GRB140301A,GRB140301A_589590.png,2,3,9,3,"[5, 1, 7, 0, 1, 4]"
GRB140302A,GRB140302A_589685.png,14,26,5,4,"[2, 39, 7, 0, 1, 5]"
GRB140304A,GRB140304A_590206.png,0,1,12,1,"[5, 4, 7, 0, 1, 2]"
GRB140305A,GRB140305A_590446.png,15,19,7,4,"[2, 36, 9, 0, 0, 4]"
GRB140311A,GRB140311A_591390.png,1,3,12,36,"[6, 1, 10, 0, 2, 39]"
GRB140318A,GRB140318A_592204.png,17,8,16,9,"[16, 7, 12, 0, 7, 19]"
GRB140320A,GRB140320A_592544.png,11,0,0,0,"[8, 1, 1, 0, 1, 1]"
GRB140323A,GRB140323A_592916.png,0,6,13,2,"[8, 3, 15, 0, 1, 3]"
GRB140331A,GRB140331A_594081.png,1,0,4,15,"[1, 1, 2, 0, 3, 18]"
GRB140408A,GRB140408A_595141.png,21,1,2,0,"[13, 9, 1, 0, 0, 0]"
GRB140412A,GRB140412A_595608.png,21,9,13,2,"[15, 20, 14, 0, 1, 3]"
GRB140413A,GRB140413A_595616.png,21,3,18,8,"[17, 3, 18, 0, 8, 17]"
GRB140419A,GRB140419A_596426.png,4,17,28,2,"[20, 25, 25, 0, 3, 6]"
GRB140423A,GRB140423A_596901.png,33,6,13,3,"[33, 4, 16, 0, 2, 6]"
GRB140428A,GRB140428A_597519.png,0,4,15,3,"[9, 2, 11, 0, 0, 4]"
GRB140430A,GRB140430A_597722.png,13,17,11,2,"[27, 7, 16, 0, 4, 6]"
GRB140502A,GRB140502A_597841.png,20,20,5,1,"[4, 37, 8, 0, 0, 2]"
GRB140506A,GRB140506A_598284.png,19,18,7,1,"[27, 9, 9, 0, 3, 4]"
GRB140509A,GRB140509A_598497.png,12,11,11,2,"[11, 11, 12, 0, 2, 4]"
GRB140512A,GRB140512A_598819.png,0,1,15,1,"[16, 0, 4, 0, 0, 1]"
GRB140515A,GRB140515A_599037.png,2,3,15,1,"[8, 3, 13, 0, 2, 3]"
GRB140516A,GRB140516A_599188.png,13,1,1,3,"[9, 4, 0, 0, 2, 5]"
GRB140518A,GRB140518A_599287.png,0,2,14,0,"[6, 4, 9, 0, 3, 3]"
GRB140521A,GRB140521A_599546.png,20,18,7,2,"[7, 31, 11, 0, 1, 3]"
GRB140606A,GRB140606A_600951.png,11,0,1,1,"[9, 1, 0, 0, 2, 3]"
GRB140607A,GRB140607A_601051.png,1,1,4,14,"[3, 1, 3, 0, 1, 15]"
GRB140610A,GRB140610A_601259.png,6,26,13,6,"[5, 24, 28, 0, 1, 7]"
GRB140611A,None,6,1,23,4,"[12, 0, 10, 0, 9, 13]"
GRB140614A,GRB140614A_601646.png,8,4,12,23,"[7, 4, 14, 0, 2, 26]"
GRB140614B,GRB140614B_601662.png,9,16,13,9,"[7, 16, 18, 0, 3, 13]"
GRB140619A,GRB140619A_602080.png,12,12,19,5,"[25, 7, 30, 0, 1, 6]"
GRB140622A,GRB140622A_602278.png,13,6,13,20,"[12, 3, 4, 0, 10, 32]"
GRB140626A,GRB140626A_602604.png,0,3,14,2,"[8, 3, 11, 0, 2, 4]"
GRB140628A,GRB140628A_602803.png,21,10,4,1,"[7, 22, 6, 0, 1, 2]"
GRB140629A,GRB140629A_602884.png,7,10,22,3,"[26, 5, 21, 0, 0, 4]"
GRB140703A,GRB140703A_603243.png,10,24,16,4,"[9, 37, 22, 0, 3, 8]"
GRB140706A,GRB140706A_603587.png,0,3,17,1,"[15, 4, 9, 0, 0, 1]"
GRB140709A,GRB140709A_603810.png,0,3,12,1,"[7, 5, 12, 0, 0, 1]"
GRB140709B,GRB140709B_603866.png,1,17,26,6,"[24, 1, 32, 0, 2, 8]"
GRB140710A,GRB140710A_603954.png,15,3,0,0,"[8, 11, 0, 0, 0, 0]"
GRB140713A,GRB140713A_604232.png,3,3,16,0,"[12, 4, 9, 0, 1, 1]"
GRB140716A-2,None,18,0,4,4,"[19, 1, 1, 0, 2, 7]"
GRB140719A,GRB140719A_605612.png,14,10,16,3,"[14, 18, 23, 0, 3, 6]"
GRB140719B,GRB140719B_605700.png,18,15,14,7,"[10, 19, 19, 0, 3, 11]"
GRB140730A,GRB140730A_607742.png,2,4,12,4,"[11, 5, 11, 0, 0, 4]"
GRB140817A,GRB140817A_609736.png,13,21,16,3,"[33, 6, 21, 0, 2, 5]"
GRB140818B,GRB140818B_609885.png,20,19,2,1,"[13, 17, 5, 0, 4, 7]"
GRB140824A,GRB140824A_610501.png,12,0,0,1,"[9, 3, 1, 0, 0, 1]"
GRB140828A,GRB140828A_610953.png,22,9,8,1,"[30, 3, 8, 0, 2, 4]"
GRB140903A,GRB140903A_611599.png,13,0,0,0,"[11, 0, 1, 0, 1, 1]"
GRB140907A,GRB140907A_611933.png,21,2,6,0,"[22, 1, 9, 0, 1, 1]"
GRB140916A,GRB140916A_612804.png,3,18,12,18,"[6, 8, 14, 0, 7, 29]"
GRB140919A,GRB140919A_613160.png,1,14,12,5,"[8, 9, 18, 0, 0, 5]"
GRB140927A,GRB140927A_613775.png,0,2,15,1,"[10, 0, 6, 0, 4, 5]"
GRB140930B,GRB140930B_614094.png,11,1,0,0,"[7, 4, 1, 0, 0, 0]"
GRB141004A,GRB141004A_614390.png,18,6,0,2,"[10, 14, 4, 0, 0, 2]"
GRB141005A,GRB141005A_614415.png,15,2,0,0,"[11, 5, 0, 0, 1, 1]"
GRB141015A,GRB141015A_615399.png,21,18,4,1,"[2, 32, 15, 0, 0, 1]"
GRB141017A,GRB141017A_615672.png,13,9,25,2,"[27, 18, 16, 0, 1, 3]"
GRB141020A,GRB141020A_615873.png,2,3,14,4,"[12, 1, 14, 0, 0, 4]"
GRB141022A,GRB141022A_616061.png,26,6,16,10,"[32, 1, 11, 0, 6, 18]"
GRB141026A,GRB141026A_616502.png,3,2,13,28,"[6, 2, 7, 0, 2, 32]"
GRB141031A,GRB141031A_617110.png,18,15,9,7,"[21, 9, 10, 0, 6, 17]"
GRB141031B,GRB141031B_617149.png,1,1,12,2,"[6, 4, 6, 0, 3, 6]"
GRB141102A,None,24,4,15,4,"[13, 16, 2, 0, 11, 16]"
GRB141109A,GRB141109A_618024.png,5,5,15,2,"[14, 8, 11, 0, 3, 5]"
GRB141109B,GRB141109B_618032.png,3,2,12,28,"[8, 1, 6, 0, 2, 34]"
GRB141121A,GRB141121A_619182.png,1,0,1,12,"[1, 1, 1, 0, 1, 13]"
GRB141130A,GRB141130A_620090.png,2,7,19,2,"[8, 9, 25, 0, 0, 2]"
GRB141212A,GRB141212A_621229.png,10,0,0,1,"[8, 1, 0, 0, 1, 2]"
GRB141212B,GRB141212B_621234.png,3,3,13,1,"[10, 1, 13, 0, 0, 1]"
GRB141220A,GRB141220A_621915.png,25,13,14,3,"[20, 18, 25, 0, 4, 7]"
GRB141221A,GRB141221A_622006.png,1,1,12,2,"[7, 4, 8, 0, 0, 2]"
GRB141225A,GRB141225A_622476.png,3,16,0,3,"[2, 15, 2, 0, 0, 3]"
GRB150101A,GRB150101A_623158.png,8,1,15,16,"[8, 0, 0, 0, 13, 31]"
GRB150103A,GRB150103A_623368.png,7,10,21,8,"[10, 8, 19, 0, 3, 13]"
GRB150110B,GRB150110B_624606.png,17,5,20,4,"[24, 4, 22, 0, 1, 5]"
GRB150120A,GRB150120A_627137.png,14,0,0,0,"[9, 3, 0, 0, 2, 2]"
GRB150120B,GRB150120B_627170.png,8,3,17,3,"[14, 5, 17, 0, 1, 5]"
GRB150201A,GRB150201A_629302.png,22,23,7,4,"[11, 34, 17, 0, 2, 6]"
GRB150202A,GRB150202A_629547.png,1,3,15,0,"[9, 5, 9, 0, 5, 5]"
GRB150203A,GRB150203A_629578.png,7,14,26,5,"[10, 11, 31, 0, 4, 9]"
GRB150206A,GRB150206A_630019.png,24,13,14,2,"[32, 3, 18, 0, 6, 8]"
GRB150211A,GRB150211A_630714.png,3,4,15,0,"[10, 5, 11, 0, 1, 1]"
GRB150212A,GRB150212A_630876.png,26,12,3,4,"[0, 40, 3, 0, 0, 4]"
GRB150213B,GRB150213B_631051.png,6,19,4,25,"[1, 22, 5, 0, 2, 29]"
GRB150222A,GRB150222A_632180.png,21,11,11,2,"[20, 18, 6, 0, 5, 7]"
GRB150301A,GRB150301A_632995.png,12,0,0,1,"[11, 0, 0, 0, 1, 2]"
GRB150301B,GRB150301B_633180.png,27,23,2,3,"[7, 40, 7, 0, 1, 4]"
GRB150302A,GRB150302A_633237.png,12,10,12,6,"[7, 16, 10, 0, 5, 11]"
GRB150309A,GRB150309A_634200.png,17,24,8,2,"[21, 19, 12, 0, 2, 4]"
GRB150314A,GRB150314A_634795.png,33,15,0,2,"[12, 33, 1, 0, 3, 5]"
GRB150317A,GRB150317A_635148.png,1,6,21,1,"[13, 8, 19, 0, 1, 2]"
GRB150318A,GRB150318A_635289.png,6,9,22,5,"[16, 4, 25, 0, 2, 7]"
GRB150323A,GRB150323A_635887.png,5,3,16,0,"[3, 18, 8, 0, 0, 0]"
GRB150323B,None,16,3,27,9,"[8, 10, 3, 0, 27, 37]"
GRB150323C,GRB150323C_636005.png,5,10,14,15,"[9, 10, 14, 0, 3, 19]"
GRB150403A,GRB150403A_637044.png,15,2,2,1,"[15, 3, 1, 0, 0, 1]"
GRB150413A,GRB150413A_637899.png,10,8,16,5,"[19, 5, 16, 0, 1, 7]"
GRB150423A,GRB150423A_638808.png,12,0,0,2,"[11, 0, 0, 0, 1, 3]"
GRB150428A,GRB150428A_639275.png,1,3,12,1,"[6, 1, 12, 0, 1, 2]"
GRB150428B,GRB150428B_639278.png,0,2,9,1,"[6, 6, 7, 0, 0, 1]"
GRB150430A,GRB150430A_639433.png,2,25,26,5,"[28, 8, 29, 0, 1, 6]"
GRB150513A,GRB150513A_640584.png,0,2,16,1,"[14, 6, 10, 0, 1, 2]"
GRB150527A,GRB150527A_641698.png,1,6,17,1,"[11, 3, 15, 0, 3, 4]"
GRB150530A,GRB150530A_642018.png,12,0,1,0,"[11, 0, 2, 0, 0, 0]"
GRB150607A,GRB150607A_642620.png,0,3,20,0,"[10, 8, 13, 0, 2, 3]"
GRB150615A,GRB150615A_643833.png,9,16,8,6,"[3, 23, 15, 0, 0, 6]"
GRB150616A,GRB150616A_644259.png,10,21,14,6,"[20, 9, 20, 0, 2, 10]"
GRB150626A,GRB150626A_646603.png,19,25,6,4,"[8, 39, 8, 0, 2, 7]"
GRB150626B,GRB150626B_646786.png,15,4,2,0,"[12, 4, 4, 0, 1, 1]"
GRB150710A,GRB150710A_648437.png,14,0,1,0,"[15, 0, 0, 0, 0, 0]"
GRB150711A,GRB150711A_648601.png,23,7,15,3,"[33, 6, 19, 0, 1, 4]"
GRB150716A,GRB150716A_649157.png,18,16,7,2,"[6, 33, 7, 0, 1, 4]"
GRB150720A,GRB150720A_649706.png,1,0,4,17,"[2, 1, 2, 0, 2, 19]"
GRB150722A,GRB150722A_649916.png,1,0,4,14,"[2, 0, 2, 0, 2, 16]"
GRB150724A,GRB150724A_650141.png,1,17,19,11,"[16, 7, 26, 0, 2, 13]"
GRB150727A,GRB150727A_650530.png,14,29,2,3,"[4, 39, 10, 0, 0, 3]"
GRB150728A,GRB150728A_650617.png,12,0,0,0,"[8, 1, 1, 0, 2, 2]"
GRB150801B,GRB150801B_650977.png,10,19,13,6,"[25, 6, 18, 0, 1, 8]"
GRB150811A,GRB150811A_651882.png,8,19,14,9,"[3, 24, 13, 0, 5, 16]"
GRB150817A,GRB150817A_652334.png,4,4,13,1,"[10, 6, 18, 0, 0, 1]"
GRB150818A,GRB150818A_652603.png,13,24,2,1,"[7, 27, 4, 0, 1, 2]"
GRB150819A,GRB150819A_652643.png,2,1,3,14,"[2, 1, 2, 0, 0, 15]"
GRB150821A,GRB150821A_652847.png,5,17,5,3,"[6, 12, 14, 0, 3, 6]"
GRB150831A,GRB150831A_653838.png,11,1,0,0,"[9, 2, 0, 0, 1, 1]"
GRB150831B,GRB150831B_653978.png,27,13,5,4,"[20, 15, 10, 0, 2, 7]"
GRB150901A,GRB150901A_654042.png,6,2,16,31,"[8, 4, 11, 0, 2, 37]"
GRB150907B,GRB150907B_654803.png,7,15,2,3,"[2, 17, 9, 0, 1, 4]"
GRB150910A,GRB150910A_655097.png,2,3,15,25,"[3, 5, 12, 0, 4, 30]"
GRB150911A,GRB150911A_655262.png,11,0,0,0,"[10, 1, 0, 0, 0, 0]"
GRB150915A,GRB150915A_655721.png,0,0,1,17,"[1, 0, 0, 0, 0, 17]"
GRB150925A,GRB150925A_656604.png,7,18,7,16,"[2, 20, 13, 0, 2, 18]"
GRB151001A,GRB151001A_657286.png,24,8,11,6,"[23, 7, 12, 0, 6, 12]"
GRB151001B,GRB151001B_657321.png,1,0,0,11,"[1, 0, 0, 0, 0, 11]"
GRB151004A,GRB151004A_657564.png,1,1,5,15,"[3, 0, 3, 0, 0, 17]"
GRB151006A,GRB151006A_657750.png,19,31,4,4,"[6, 46, 10, 0, 0, 4]"
GRB151021A,GRB151021A_660671.png,18,20,10,1,"[8, 33, 17, 0, 2, 3]"
GRB151022A,GRB151022A_661036.png,4,10,10,25,"[10, 7, 7, 0, 3, 29]"
GRB151023A,GRB151023A_661253.png,22,12,8,3,"[11, 28, 6, 0, 1, 4]"
GRB151027A,GRB151027A_661775.png,3,24,19,5,"[30, 10, 21, 0, 2, 7]"
GRB151027B,GRB151027B_661869.png,13,10,19,5,"[19, 5, 21, 0, 3, 9]"
GRB151029A,GRB151029A_662086.png,28,18,3,2,"[6, 34, 10, 0, 3, 5]"
GRB151031A,GRB151031A_662330.png,15,1,0,1,"[11, 2, 1, 0, 1, 2]"
GRB151111A,GRB151111A_663074.png,20,19,3,2,"[2, 34, 4, 0, 2, 4]"
GRB151112A,GRB151112A_663179.png,3,13,3,0,"[0, 16, 9, 0, 0, 1]"
GRB151114A,GRB151114A_663490.png,14,1,4,0,"[14, 0, 4, 0, 2, 2]"
GRB151118A,GRB151118A_664078.png,7,11,22,3,"[10, 18, 24, 0, 2, 5]"
GRB151127A,GRB151127A_665268.png,12,0,1,2,"[10, 1, 0, 0, 2, 4]"
GRB151205A,GRB151205A_666352.png,11,16,6,7,"[2, 21, 14, 0, 0, 7]"
GRB151205B,GRB151205B_666378.png,13,2,1,1,"[12, 4, 1, 0, 1, 2]"
GRB151210A,GRB151210A_666931.png,0,1,12,0,"[9, 0, 7, 0, 1, 1]"
GRB151215A,GRB151215A_667392.png,3,3,16,4,"[3, 14, 5, 0, 2, 7]"
GRB151228A,GRB151228A_668543.png,13,0,0,0,"[10, 1, 0, 0, 1, 2]"
GRB151228B,GRB151228B_668641.png,19,19,5,5,"[7, 31, 8, 0, 2, 7]"
GRB151229A,GRB151229A_668689.png,11,1,0,0,"[8, 3, 1, 0, 0, 0]"
GRB160104A,GRB160104A_669319.png,3,21,20,3,"[13, 18, 20, 0, 2, 5]"
GRB160117A,GRB160117A_670793.png,2,3,13,2,"[12, 1, 5, 0, 2, 4]"
GRB160117B,GRB160117B_670800.png,23,10,9,3,"[15, 20, 4, 0, 4, 7]"
GRB160119A,GRB160119A_671014.png,27,0,9,3,"[33, 2, 8, 0, 0, 3]"
GRB160121A,GRB160121A_671231.png,18,6,2,3,"[13, 12, 4, 0, 0, 3]"
GRB160123A,GRB160123A_671447.png,15,0,0,0,"[14, 0, 1, 0, 0, 0]"
GRB160127A,GRB160127A_671828.png,14,4,12,2,"[17, 3, 11, 0, 2, 4]"
GRB160131A,GRB160131A_672236.png,19,31,2,3,"[13, 32, 7, 0, 2, 6]"
GRB160203A,GRB160203A_672525.png,15,11,18,5,"[18, 9, 17, 0, 4, 9]"
GRB160216A,GRB160216A_673978.png,14,14,21,3,"[20, 15, 25, 0, 0, 3]"
GRB160220A,GRB160220A_674670.png,20,8,14,3,"[19, 7, 15, 0, 3, 6]"
GRB160220B,GRB160220B_674734.png,13,2,1,0,"[12, 5, 2, 0, 1, 1]"
GRB160223A,GRB160223A_675361.png,1,0,11,0,"[8, 4, 8, 0, 0, 0]"
GRB160225A,GRB160225A_675998.png,3,6,17,24,"[5, 4, 16, 0, 5, 31]"
GRB160227A,GRB160227A_676423.png,3,11,30,11,"[7, 24, 27, 0, 1, 12]"
GRB160228A,GRB160228A_676595.png,0,14,3,3,"[2, 11, 11, 0, 1, 5]"
GRB160303A,GRB160303A_677495.png,29,9,3,2,"[31, 6, 5, 0, 0, 2]"
GRB160313A,GRB160313A_678929.png,4,6,19,22,"[11, 4, 16, 0, 4, 27]"
GRB160314A,GRB160314A_679120.png,10,2,2,2,"[4, 9, 3, 0, 1, 3]"
GRB160321A,GRB160321A_680017.png,16,10,16,14,"[17, 3, 21, 0, 3, 19]"
GRB160325A,GRB160325A_680436.png,4,15,32,4,"[31, 6, 32, 0, 0, 4]"
GRB160327A,GRB160327A_680655.png,14,18,4,2,"[13, 21, 6, 0, 1, 4]"
GRB160408A,GRB160408A_682059.png,13,1,0,0,"[11, 1, 2, 0, 3, 3]"
GRB160409A,None,13,0,20,10,"[6, 5, 4, 0, 18, 29]"
GRB160410A,GRB160410A_682269.png,27,18,0,5,"[26, 4, 11, 0, 7, 13]"
GRB160411A,GRB160411A_682339.png,14,1,1,2,"[11, 0, 3, 0, 3, 5]"
GRB160412A,GRB160412A_682522.png,40,7,10,5,"[30, 18, 14, 0, 4, 9]"
GRB160417A,GRB160417A_683076.png,9,8,21,10,"[17, 5, 18, 0, 2, 14]"
GRB160419A,GRB160419A_683383.png,11,0,0,0,"[11, 0, 0, 0, 0, 0]"
GRB160424A,GRB160424A_683906.png,15,5,1,0,"[4, 16, 2, 0, 0, 0]"
GRB160425A,GRB160425A_684098.png,10,17,18,3,"[23, 26, 14, 0, 1, 5]"
GRB160504A,GRB160504A_685124.png,7,6,17,12,"[11, 9, 17, 0, 4, 16]"
GRB160506A,GRB160506A_685245.png,1,5,3,15,"[2, 3, 2, 0, 1, 18]"
GRB160519A,GRB160519A_686818.png,1,13,3,3,"[7, 6, 8, 0, 0, 4]"
GRB160525B,GRB160525B_687522.png,15,0,2,1,"[13, 2, 0, 0, 2, 3]"
GRB160601A,GRB160601A_688452.png,15,0,4,2,"[14, 1, 1, 0, 3, 5]"
GRB160607A,GRB160607A_689597.png,2,0,12,0,"[7, 4, 9, 0, 0, 0]"
GRB160611A,GRB160611A_690598.png,18,3,18,3,"[25, 9, 16, 0, 1, 4]"
GRB160624A,GRB160624A_701288.png,14,0,2,4,"[14, 0, 0, 0, 1, 5]"
GRB160625A,GRB160625A_701503.png,3,11,30,3,"[27, 8, 29, 0, 1, 4]"
GRB160630A,GRB160630A_702252.png,3,13,2,0,"[1, 14, 4, 0, 0, 0]"
GRB160703A,GRB160703A_702699.png,2,3,11,3,"[7, 4, 13, 0, 1, 4]"
GRB160705B,GRB160705B_703176.png,3,4,8,30,"[5, 5, 8, 0, 2, 32]"
GRB160712A,GRB160712A_704155.png,5,17,3,0,"[3, 17, 8, 0, 0, 0]"
GRB160714A,GRB160714A_704310.png,12,0,1,1,"[10, 0, 1, 0, 2, 3]"
GRB160716A,GRB160716A_704572.png,2,2,11,0,"[10, 1, 7, 0, 1, 1]"
GRB160726A,GRB160726A_706052.png,13,0,0,0,"[11, 1, 0, 0, 1, 1]"
GRB160801A,GRB160801A_706871.png,12,0,1,0,"[12, 1, 1, 0, 2, 2]"
GRB160804A,GRB160804A_707231.png,24,9,11,4,"[27, 12, 12, 0, 2, 8]"
GRB160815A,GRB160815A_708598.png,35,3,10,3,"[30, 5, 13, 0, 4, 7]"
GRB160821A,GRB160821A_709351.png,1,3,16,1,"[7, 14, 14, 0, 0, 2]"
GRB160821B,GRB160821B_709357.png,16,0,0,1,"[13, 2, 1, 0, 1, 2]"
GRB160824A,GRB160824A_709765.png,4,20,14,3,"[5, 15, 29, 0, 1, 5]"
GRB160826A,GRB160826A_709907.png,9,18,10,18,"[5, 13, 21, 0, 3, 22]"
GRB160827A,GRB160827A_710050.png,14,6,22,10,"[18, 7, 12, 0, 5, 17]"
GRB160905A,GRB160905A_711084.png,10,13,23,3,"[18, 9, 26, 0, 3, 6]"
GRB160912A,GRB160912A_711914.png,8,9,15,2,"[6, 27, 3, 0, 2, 6]"
GRB160917A,GRB160917A_712505.png,20,15,4,5,"[5, 30, 6, 0, 0, 5]"
GRB160927A,GRB160927A_713782.png,11,0,0,1,"[10, 0, 0, 0, 1, 2]"
GRB161001A,GRB161001A_714404.png,11,0,0,0,"[11, 0, 0, 0, 0, 0]"
GRB161004A,GRB161004A_715084.png,13,0,0,0,"[6, 4, 0, 0, 3, 3]"
GRB161004B,GRB161004B_715246.png,31,17,3,2,"[15, 28, 7, 0, 4, 6]"
GRB161007A,GRB161007A_716127.png,13,18,5,16,"[4, 25, 9, 0, 0, 20]"
GRB161011A,GRB161011A_716876.png,15,1,1,5,"[7, 4, 3, 0, 2, 8]"
GRB161014A,GRB161014A_717500.png,1,3,14,2,"[6, 4, 12, 0, 0, 3]"
GRB161017A,GRB161017A_718023.png,13,31,12,0,"[21, 13, 24, 0, 7, 7]"
GRB161022A,GRB161022A_718655.png,25,10,10,4,"[21, 13, 18, 0, 1, 5]"
GRB161104A,GRB161104A_720568.png,13,1,19,17,"[10, 2, 6, 0, 15, 33]"
GRB161105A,GRB161105A_720697.png,0,2,12,0,"[3, 8, 6, 0, 1, 1]"
GRB161108A,GRB161108A_721234.png,3,18,12,7,"[7, 16, 19, 0, 1, 9]"
GRB161113A,GRB161113A_722063.png,5,18,20,2,"[6, 31, 26, 0, 0, 3]"
GRB161117A,GRB161117A_722604.png,0,4,17,0,"[11, 11, 11, 0, 1, 1]"
GRB161117B,GRB161117B_722642.png,2,4,16,0,"[14, 5, 16, 0, 2, 2]"
GRB161129A,GRB161129A_724438.png,8,8,20,3,"[14, 9, 25, 0, 2, 5]"
GRB161202A,GRB161202A_725036.png,1,6,21,1,"[17, 5, 18, 0, 2, 3]"
GRB161214B,GRB161214B_726885.png,17,20,3,2,"[3, 36, 6, 0, 0, 2]"
GRB161217A,GRB161217A_727167.png,13,3,15,10,"[17, 2, 11, 0, 4, 14]"
GRB161218A,GRB161218A_727288.png,18,5,4,1,"[4, 22, 4, 0, 1, 2]"
GRB161219B,GRB161219B_727541.png,12,0,0,0,"[7, 6, 0, 0, 1, 1]"
GRB161220A,GRB161220A_727610.png,16,5,5,2,"[15, 2, 6, 0, 5, 7]"
GRB161224A,GRB161224A_728268.png,9,10,11,11,"[14, 10, 15, 0, 1, 12]"
GRB170101A,GRB170101A_729293.png,13,2,0,1,"[8, 7, 0, 0, 0, 1]"
GRB170111A,GRB170111A_731887.png,4,5,16,6,"[8, 1, 16, 0, 2, 8]"
GRB170112A,GRB170112A_732188.png,16,3,13,15,"[12, 3, 2, 0, 11, 26]"
GRB170113A,GRB170113A_732526.png,2,13,20,5,"[13, 16, 19, 0, 0, 5]"
GRB170115A,GRB170115A_733103.png,9,16,9,12,"[3, 19, 14, 0, 0, 14]"
GRB170126A,GRB170126A_735188.png,13,1,0,2,"[2, 11, 1, 0, 0, 2]"
GRB170127A,GRB170127A_735326.png,3,6,10,31,"[9, 1, 11, 0, 2, 33]"
GRB170127B,GRB170127B_735331.png,13,0,0,0,"[13, 0, 0, 0, 0, 0]"
GRB170202A,GRB170202A_736407.png,2,4,14,1,"[3, 10, 11, 0, 1, 2]"
GRB170203A,GRB170203A_736432.png,7,21,8,8,"[5, 22, 13, 0, 4, 12]"
GRB170205A,GRB170205A_736843.png,0,2,12,0,"[9, 7, 9, 0, 0, 0]"
GRB170206B,GRB170206B_737125.png,8,12,9,16,"[5, 13, 9, 0, 4, 22]"
GRB170208A,GRB170208A_737438.png,15,22,9,5,"[11, 19, 15, 0, 5, 10]"
GRB170208B,GRB170208B_737463.png,20,19,11,1,"[35, 7, 13, 0, 3, 4]"
GRB170306A,GRB170306A_741220.png,6,4,20,17,"[11, 2, 15, 0, 4, 21]"
GRB170307A,GRB170307A_741528.png,8,12,11,16,"[13, 3, 9, 0, 3, 22]"
GRB170311A,GRB170311A_741965.png,3,5,17,5,"[9, 3, 12, 0, 4, 9]"
GRB170317A,GRB170317A_742866.png,15,5,0,0,"[4, 15, 1, 0, 0, 0]"
GRB170318A,GRB170318A_743065.png,23,23,2,4,"[2, 42, 8, 0, 0, 4]"
GRB170318B,GRB170318B_743086.png,13,0,0,1,"[12, 1, 0, 0, 0, 1]"
GRB170330A,GRB170330A_744773.png,5,23,24,1,"[27, 21, 24, 0, 2, 3]"
GRB170331A,GRB170331A_744791.png,13,9,14,8,"[15, 5, 19, 0, 4, 14]"
GRB170405A,GRB170405A_745797.png,3,26,13,4,"[15, 17, 26, 0, 0, 4]"
GRB170419A,GRB170419A_748898.png,12,2,1,1,"[1, 13, 0, 0, 1, 2]"
GRB170419B,GRB170419B_748947.png,16,27,2,4,"[15, 23, 10, 0, 2, 7]"
GRB170428A,GRB170428A_750298.png,14,0,1,0,"[15, 1, 0, 0, 0, 0]"
GRB170516A,GRB170516A_753110.png,4,14,23,3,"[15, 8, 32, 0, 0, 3]"
GRB170519A,GRB170519A_753445.png,18,16,4,10,"[19, 6, 12, 0, 4, 16]"
GRB170524A,GRB170524A_754322.png,17,2,4,3,"[16, 2, 2, 0, 3, 6]"
GRB170526A,GRB170526A_754549.png,14,8,8,5,"[9, 12, 9, 0, 4, 9]"
GRB170531A,GRB170531A_755343.png,5,4,12,17,"[4, 6, 7, 0, 3, 21]"
GRB170531B,GRB170531B_755354.png,0,2,11,0,"[5, 8, 10, 0, 1, 1]"
GRB170604A,GRB170604A_755867.png,1,1,9,2,"[3, 0, 9, 0, 0, 2]"
GRB170607A,GRB170607A_756284.png,11,16,24,1,"[29, 20, 17, 0, 0, 1]"
GRB170626A,GRB170626A_758766.png,25,13,10,4,"[12, 23, 18, 0, 2, 6]"
GRB170629A,GRB170629A_759159.png,17,20,8,3,"[10, 26, 13, 0, 1, 5]"
GRB170705A,GRB170705A_760064.png,18,18,12,5,"[29, 17, 16, 0, 1, 6]"
GRB170710A,GRB170710A_761119.png,8,19,11,11,"[4, 22, 13, 0, 3, 14]"
GRB170711A,GRB170711A_761622.png,14,3,3,0,"[7, 13, 2, 0, 0, 0]"
GRB170714A,GRB170714A_762535.png,0,1,2,13,"[0, 0, 2, 0, 0, 14]"
GRB170724A,GRB170724A_764204.png,1,3,15,30,"[3, 4, 12, 0, 3, 33]"
GRB170728A,GRB170728A_765008.png,13,2,0,1,"[13, 1, 2, 0, 0, 1]"
GRB170728B,GRB170728B_765130.png,14,18,7,2,"[19, 6, 12, 0, 5, 9]"
GRB170803A,GRB170803A_766081.png,10,1,3,1,"[4, 7, 3, 0, 0, 1]"
GRB170804A,GRB170804A_766194.png,5,23,20,7,"[4, 30, 24, 0, 3, 10]"
GRB170807A,GRB170807A_766821.png,3,27,18,3,"[5, 34, 18, 0, 2, 5]"
GRB170810A,GRB170810A_767284.png,1,15,14,12,"[5, 8, 20, 0, 2, 16]"
GRB170813A,GRB170813A_767563.png,1,12,2,0,"[1, 11, 6, 0, 0, 0]"
GRB170822A,GRB170822A_768939.png,0,4,16,3,"[12, 2, 11, 0, 1, 4]"
GRB170823A,GRB170823A_769177.png,0,2,11,0,"[5, 5, 10, 0, 0, 0]"
GRB170827A,GRB170827A_769567.png,5,10,8,24,"[5, 4, 6, 0, 4, 31]"
GRB170903A,GRB170903A_770528.png,3,4,14,2,"[10, 8, 8, 0, 1, 3]"
GRB170906A,GRB170906A_770957.png,1,6,23,1,"[13, 14, 14, 0, 1, 2]"
GRB170906B,GRB170906B_770958.png,0,1,36,14,"[0, 2, 2, 0, 33, 48]"
GRB170906C,GRB170906C_770981.png,24,9,14,3,"[30, 4, 23, 0, 1, 5]"
GRB170912A,GRB170912A_772006.png,16,14,8,4,"[5, 28, 9, 0, 0, 4]"
GRB170912B,GRB170912B_772052.png,3,11,3,1,"[0, 13, 9, 0, 0, 1]"
GRB170921A,GRB170921A_773509.png,32,2,13,2,"[39, 2, 10, 0, 3, 5]"
GRB171001A,GRB171001A_775553.png,1,3,13,2,"[11, 3, 10, 0, 1, 3]"
GRB171004A,GRB171004A_776347.png,7,13,15,12,"[4, 17, 16, 0, 5, 17]"
GRB171007A,GRB171007A_777215.png,23,16,5,14,"[23, 7, 8, 0, 4, 23]"
GRB171011A,GRB171011A_778154.png,15,0,0,0,"[13, 2, 0, 0, 0, 0]"
GRB171020A,GRB171020A_780845.png,6,16,12,12,"[2, 14, 17, 0, 5, 17]"
GRB171027A,GRB171027A_783479.png,17,9,25,6,"[20, 13, 34, 0, 1, 7]"
GRB171102B,GRB171102B_785510.png,19,5,16,10,"[15, 4, 15, 0, 4, 20]"
GRB171103A,GRB171103A_785850.png,19,1,2,0,"[16, 5, 1, 0, 1, 1]"
GRB171115A,GRB171115A_790053.png,5,16,13,18,"[8, 8, 17, 0, 5, 25]"
GRB171120A,GRB171120A_791201.png,0,1,11,0,"[7, 7, 3, 0, 0, 0]"
GRB171123A,GRB171123A_791922.png,12,21,5,5,"[2, 29, 6, 0, 0, 7]"
GRB171205A,GRB171205A_794972.png,5,14,6,26,"[2, 10, 11, 0, 3, 33]"
GRB171209A,GRB171209A_796100.png,4,12,25,8,"[5, 27, 27, 0, 2, 10]"
GRB171211A,GRB171211A_796469.png,14,0,0,0,"[11, 3, 1, 0, 0, 1]"
GRB171212A,GRB171212A_796778.png,7,11,24,15,"[16, 5, 22, 0, 5, 23]"
GRB171216A,GRB171216A_797441.png,12,16,10,5,"[8, 17, 14, 0, 4, 9]"
GRB171222A,GRB171222A_799669.png,4,5,16,25,"[7, 8, 18, 0, 3, 29]"
GRB180102A,GRB180102A_802999.png,28,6,11,4,"[28, 4, 11, 0, 5, 9]"
GRB180111A,GRB180111A_804692.png,10,15,17,5,"[4, 25, 22, 0, 0, 6]"
GRB180113A,GRB180113A_804999.png,16,19,9,4,"[23, 14, 18, 0, 0, 4]"
GRB180115A,GRB180115A_805318.png,0,1,16,4,"[12, 3, 9, 0, 1, 6]"
GRB180204A,GRB180204A_808483.png,11,0,0,0,"[9, 1, 1, 0, 0, 0]"
GRB180205A,GRB180205A_808625.png,1,2,15,0,"[11, 8, 7, 0, 0, 0]"
GRB180221A,GRB180221A_811074.png,15,11,8,8,"[9, 16, 10, 0, 5, 14]"
GRB180222A,GRB180222A_811235.png,2,14,1,0,"[2, 13, 5, 0, 0, 2]"
GRB180224A,GRB180224A_811561.png,35,16,2,1,"[5, 47, 3, 0, 0, 2]"
GRB180311A,GRB180311A_813721.png,12,13,15,10,"[11, 24, 11, 0, 0, 10]"
GRB180314A,GRB180314A_814129.png,25,15,4,4,"[30, 8, 6, 0, 2, 7]"
GRB180314B,GRB180314B_814305.png,10,12,16,5,"[10, 15, 20, 0, 2, 9]"
GRB180316A,GRB180316A_814677.png,22,2,6,2,"[21, 1, 10, 0, 2, 4]"
GRB180324A,GRB180324A_817345.png,22,1,24,4,"[32, 8, 8, 0, 1, 6]"
GRB180325A,GRB180325A_817564.png,9,8,23,1,"[24, 11, 6, 0, 4, 5]"
GRB180329A,GRB180329A_819301.png,5,22,7,7,"[7, 17, 12, 0, 4, 11]"
GRB180329B,GRB180329B_819490.png,2,17,21,3,"[8, 25, 17, 0, 3, 6]"
GRB180331A,GRB180331A_820347.png,5,14,17,11,"[11, 17, 17, 0, 4, 15]"
GRB180331B,GRB180331B_820513.png,7,14,24,2,"[23, 4, 27, 0, 2, 5]"
GRB180402A,GRB180402A_821103.png,16,1,1,0,"[12, 5, 0, 0, 1, 1]"
GRB180404A,GRB180404A_821881.png,13,0,1,0,"[12, 1, 3, 0, 0, 0]"
GRB180404B,GRB180404B_821902.png,0,12,0,0,"[1, 10, 5, 0, 0, 0]"
GRB180407A,GRB180407A_823001.png,6,15,11,9,"[8, 16, 12, 0, 1, 10]"
GRB180410A,GRB180410A_824063.png,6,21,4,15,"[0, 29, 7, 0, 1, 16]"
GRB180411A,GRB180411A_824451.png,1,1,12,1,"[1, 6, 9, 0, 2, 3]"
GRB180418A,GRB180418A_826428.png,14,3,2,0,"[9, 9, 0, 0, 2, 2]"
GRB180425A,GRB180425A_828672.png,20,13,8,3,"[15, 18, 13, 0, 1, 4]"
GRB180504A,GRB180504A_830822.png,26,8,3,7,"[26, 5, 8, 0, 4, 11]"
GRB180510A,GRB180510A_831810.png,17,14,13,1,"[21, 5, 30, 0, 1, 2]"
GRB180510B,GRB180510B_831816.png,12,15,9,7,"[22, 7, 10, 0, 2, 9]"
GRB180512A,GRB180512A_832119.png,9,2,14,16,"[10, 2, 9, 0, 6, 22]"
GRB180514A,GRB180514A_832368.png,9,13,21,6,"[6, 23, 24, 0, 0, 7]"
GRB180602A,GRB180602A_835200.png,31,16,6,2,"[34, 9, 13, 0, 3, 7]"
GRB180613A,GRB180613A_840853.png,5,10,9,22,"[6, 6, 14, 0, 3, 26]"
GRB180614A,GRB180614A_841548.png,12,0,3,0,"[10, 0, 3, 0, 3, 3]"
GRB180618A,GRB180618A_842475.png,19,26,0,3,"[10, 32, 3, 0, 4, 7]"
GRB180620A,GRB180620A_843122.png,13,5,16,2,"[20, 5, 15, 0, 1, 3]"
GRB180620B,GRB180620B_843211.png,1,1,12,0,"[8, 6, 11, 0, 0, 0]"
GRB180623A,GRB180623A_844015.png,1,3,14,0,"[7, 4, 11, 0, 1, 2]"
GRB180624A,GRB180624A_844192.png,4,20,19,7,"[16, 15, 28, 0, 0, 10]"
GRB180626A,GRB180626A_844615.png,1,1,13,2,"[4, 5, 12, 0, 0, 2]"
GRB180630A,GRB180630A_845443.png,24,12,2,3,"[25, 10, 4, 0, 4, 7]"
GRB180704A,GRB180704A_846088.png,1,0,14,1,"[10, 3, 9, 0, 1, 2]"
GRB180705A,GRB180705A_846299.png,3,5,4,17,"[4, 6, 4, 0, 1, 20]"
GRB180706A,GRB180706A_846395.png,0,3,12,0,"[10, 6, 3, 0, 0, 0]"
GRB180709A,GRB180709A_846868.png,19,22,2,6,"[9, 27, 9, 0, 2, 8]"
GRB180715A,GRB180715A_848048.png,11,1,0,0,"[11, 0, 1, 0, 0, 0]"
GRB180720B,GRB180720B_848890.png,17,21,6,1,"[18, 22, 17, 0, 1, 2]"
GRB180720C,GRB180720C_848932.png,13,1,2,0,"[16, 0, 1, 0, 0, 0]"
GRB180721A,GRB180721A_849018.png,17,17,11,3,"[21, 16, 6, 0, 4, 8]"
GRB180727A,GRB180727A_850231.png,11,0,0,0,"[6, 4, 1, 0, 0, 1]"
GRB180728A,GRB180728A_850471.png,25,10,16,2,"[14, 34, 7, 0, 4, 6]"
GRB180805A,GRB180805A_851829.png,12,1,2,0,"[7, 5, 0, 0, 3, 3]"
GRB180805B,GRB180805B_851855.png,15,14,1,10,"[18, 3, 4, 0, 3, 16]"
GRB180809B,GRB180809B_852553.png,3,13,23,5,"[24, 8, 17, 0, 0, 5]"
GRB180812A,GRB180812A_852903.png,0,2,14,4,"[7, 6, 8, 0, 1, 5]"
GRB180818A,GRB180818A_853824.png,18,3,6,2,"[19, 5, 8, 0, 0, 2]"
GRB180818B,GRB180818B_853882.png,1,19,27,5,"[22, 15, 25, 0, 1, 6]"
GRB180821A,GRB180821A_854578.png,3,5,14,14,"[8, 4, 14, 0, 3, 17]"
GRB180823A,GRB180823A_855434.png,20,9,15,4,"[22, 11, 24, 0, 1, 5]"
GRB180828A,GRB180828A_856977.png,32,4,11,3,"[26, 6, 15, 0, 5, 8]"
GRB180904A,GRB180904A_859282.png,14,0,3,3,"[9, 1, 4, 0, 4, 7]"
GRB180905A,GRB180905A_859421.png,9,15,8,16,"[9, 9, 7, 0, 6, 22]"
GRB180924A,GRB180924A_863186.png,2,4,18,6,"[14, 1, 15, 0, 1, 8]"
GRB180925A,GRB180925A_863421.png,4,12,4,1,"[4, 12, 11, 0, 0, 2]"
GRB180930A,GRB180930A_864584.png,20,2,14,3,"[22, 2, 14, 0, 3, 6]"
GRB181002A,GRB181002A_865036.png,9,6,14,22,"[9, 1, 14, 0, 2, 30]"
GRB181003A,GRB181003A_865179.png,10,8,14,11,"[13, 3, 10, 0, 7, 18]"
GRB181010A,GRB181010A_866434.png,12,11,17,6,"[17, 7, 22, 0, 5, 11]"
GRB181013A,GRB181013A_866783.png,0,5,14,25,"[4, 2, 7, 0, 8, 34]"
GRB181016A,GRB181016A_867252.png,5,12,5,23,"[2, 10, 12, 0, 3, 26]"
GRB181020A,GRB181020A_867987.png,26,26,4,6,"[19, 24, 10, 0, 5, 13]"
GRB181022A,GRB181022A_868312.png,20,6,12,5,"[19, 6, 13, 0, 2, 7]"
GRB181023A,GRB181023A_868427.png,1,3,13,28,"[3, 2, 8, 0, 2, 31]"
GRB181027A,GRB181027A_868984.png,16,4,19,3,"[21, 3, 20, 0, 2, 7]"
GRB181030A,GRB181030A_869494.png,16,20,2,10,"[2, 25, 9, 0, 3, 13]"
GRB181103A,GRB181103A_870201.png,12,2,2,1,"[5, 10, 2, 0, 1, 2]"
GRB181110A,GRB181110A_871316.png,19,9,16,3,"[23, 8, 23, 0, 2, 5]"
GRB181123B,GRB181123B_873186.png,12,0,0,0,"[10, 2, 0, 0, 0, 0]"
GRB181125A,GRB181125A_873433.png,34,9,5,4,"[15, 32, 5, 0, 0, 4]"
GRB181126A,GRB181126A_873539.png,19,0,2,0,"[21, 0, 1, 0, 0, 0]"
GRB181202A,GRB181202A_874334.png,1,2,15,1,"[12, 1, 8, 0, 0, 1]"
GRB181203A,GRB181203A_874475.png,16,24,9,6,"[6, 37, 13, 0, 0, 7]"
GRB181213A,GRB181213A_876016.png,2,1,12,0,"[9, 10, 6, 0, 2, 2]"
GRB181224A,GRB181224A_878911.png,32,4,12,1,"[28, 3, 6, 0, 9, 11]"
GRB181228A,GRB181228A_879909.png,25,15,3,4,"[26, 9, 5, 0, 3, 7]"
GRB190103B,GRB190103B_881709.png,4,5,17,1,"[8, 8, 16, 0, 2, 3]"
GRB190106A,GRB190106A_882252.png,0,2,15,0,"[9, 5, 10, 0, 1, 1]"
GRB190109A,GRB190109A_882747.png,6,20,6,1,"[7, 20, 9, 0, 2, 4]"
GRB190109B,GRB190109B_882809.png,11,0,1,0,"[11, 0, 0, 0, 1, 1]"
GRB190110A,GRB190110A_883012.png,22,1,9,3,"[20, 6, 8, 0, 3, 6]"
GRB190114A,GRB190114A_883600.png,2,2,21,24,"[7, 4, 15, 0, 3, 30]"
GRB190114B,GRB190114B_883818.png,4,13,23,10,"[14, 6, 19, 0, 6, 17]"
GRB190114C,GRB190114C_883832.png,26,19,0,2,"[15, 24, 2, 0, 4, 7]"
GRB190123A,GRB190123A_885314.png,4,14,13,12,"[11, 9, 12, 0, 5, 17]"
GRB190202A,GRB190202A_887217.png,21,11,5,3,"[11, 21, 7, 0, 1, 4]"
GRB190203A,GRB190203A_887512.png,16,12,14,5,"[15, 3, 21, 0, 4, 10]"
GRB190204A,GRB190204A_887579.png,16,2,1,0,"[13, 3, 5, 0, 2, 2]"
GRB190211A,GRB190211A_888648.png,1,1,14,3,"[9, 3, 6, 0, 2, 6]"
GRB190219A,GRB190219A_889748.png,0,2,13,2,"[11, 0, 9, 0, 0, 2]"
GRB190220A,GRB190220A_889785.png,14,3,1,0,"[5, 12, 0, 0, 1, 1]"
GRB190311A,GRB190311A_892607.png,27,20,6,3,"[25, 21, 17, 0, 1, 4]"
GRB190320A,GRB190320A_893808.png,5,6,17,21,"[6, 4, 17, 0, 3, 25]"
GRB190324A,GRB190324A_894718.png,20,7,14,3,"[22, 16, 12, 0, 0, 3]"
GRB190326A,GRB190326A_895006.png,12,0,3,0,"[12, 0, 0, 0, 2, 3]"
GRB190331A,GRB190331A_895813.png,10,13,21,2,"[18, 15, 18, 0, 2, 4]"
GRB190422A,GRB190422A_899979.png,11,9,21,4,"[27, 6, 23, 0, 4, 8]"
GRB190424A,GRB190424A_900285.png,23,11,11,3,"[13, 28, 11, 0, 3, 6]"
GRB190427A,GRB190427A_900730.png,12,0,1,1,"[10, 2, 1, 0, 0, 1]"
GRB190511A,GRB190511A_903158.png,0,1,13,3,"[2, 4, 12, 0, 0, 4]"
GRB190512A,GRB190512A_903357.png,14,27,7,3,"[6, 37, 20, 0, 0, 5]"
GRB190515B,GRB190515B_903845.png,16,5,5,3,"[22, 3, 2, 0, 1, 5]"
GRB190519A,GRB190519A_904394.png,3,5,18,0,"[15, 3, 16, 0, 1, 1]"
GRB190604B,GRB190604B_906654.png,1,2,13,0,"[10, 12, 8, 0, 0, 0]"
GRB190610A,GRB190610A_907754.png,13,0,0,0,"[10, 2, 1, 0, 0, 0]"
GRB190611A,GRB190611A_907950.png,11,17,4,9,"[3, 21, 13, 0, 3, 14]"
GRB190613A,GRB190613A_908288.png,2,10,20,11,"[11, 3, 20, 0, 3, 14]"
GRB190613B,GRB190613B_908329.png,22,21,3,5,"[30, 7, 8, 0, 6, 11]"
GRB190627A,GRB190627A_911609.png,12,0,0,0,"[9, 3, 0, 0, 0, 0]"
GRB190630B,GRB190630B_912102.png,10,2,2,1,"[8, 7, 0, 0, 0, 1]"
GRB190630C,GRB190630C_912239.png,21,22,9,2,"[3, 45, 9, 0, 1, 3]"
GRB190701A,GRB190701A_912310.png,1,1,15,1,"[4, 7, 9, 0, 1, 2]"
GRB190706B,GRB190706B_913302.png,7,29,17,6,"[19, 25, 19, 0, 4, 10]"
GRB190718A,GRB190718A_915091.png,12,12,3,21,"[14, 1, 6, 0, 4, 29]"
GRB190719C,GRB190719C_915381.png,8,14,15,2,"[20, 8, 25, 0, 2, 5]"
GRB190727B,GRB190727B_916733.png,7,15,25,3,"[13, 23, 30, 0, 1, 4]"
GRB190816A,GRB190816A_920783.png,1,0,3,11,"[3, 1, 3, 0, 0, 11]"
GRB190821A,GRB190821A_921722.png,0,3,17,1,"[9, 3, 16, 0, 0, 1]"
GRB190824A,GRB190824A_922107.png,1,2,13,0,"[12, 4, 7, 0, 0, 0]"
GRB190828B,GRB190828B_922808.png,22,11,7,5,"[19, 1, 12, 0, 7, 15]"
GRB190829A,GRB190829A_922968.png,6,2,18,1,"[12, 10, 12, 0, 2, 3]"
GRB190926A,GRB190926A_926515.png,1,7,7,31,"[4, 1, 5, 0, 3, 36]"
GRB191001B,GRB191001B_927345.png,3,8,20,10,"[12, 5, 21, 0, 0, 11]"
GRB191004A,GRB191004A_927825.png,24,3,14,3,"[32, 2, 9, 0, 2, 5]"
GRB191004B,GRB191004B_927839.png,26,18,2,5,"[29, 7, 12, 0, 3, 8]"
GRB191011A,GRB191011A_928924.png,31,10,13,2,"[30, 12, 23, 0, 3, 5]"
GRB191016A,GRB191016A_929744.png,1,5,18,2,"[6, 10, 18, 0, 2, 4]"
GRB191017B,GRB191017B_929981.png,11,0,1,0,"[11, 1, 0, 0, 0, 0]"
GRB191019A,GRB191019A_930285.png,9,17,6,1,"[1, 25, 14, 0, 0, 1]"
GRB191024A,GRB191024A_931242.png,26,16,2,4,"[5, 36, 4, 0, 0, 4]"
GRB191029A,GRB191029A_932058.png,4,17,14,4,"[3, 18, 18, 0, 4, 8]"
GRB191031A,GRB191031A_932435.png,4,2,12,0,"[9, 4, 10, 0, 2, 2]"
GRB191031C,GRB191031C_932595.png,4,2,13,0,"[14, 8, 10, 0, 0, 0]"
GRB191031D,GRB191031D_932608.png,11,0,0,1,"[10, 0, 0, 0, 1, 2]"
GRB191101A,GRB191101A_932742.png,16,21,10,7,"[15, 17, 18, 0, 4, 13]"
GRB191106A,GRB191106A_933515.png,11,1,0,0,"[7, 2, 2, 0, 2, 2]"
GRB191122A,GRB191122A_938899.png,21,19,0,3,"[4, 31, 2, 0, 1, 4]"
GRB191123A,GRB191123A_939079.png,1,3,14,2,"[10, 2, 4, 0, 5, 9]"
GRB191213A,GRB191213A_944091.png,0,0,1,12,"[0, 0, 1, 0, 0, 12]"
GRB191218A,GRB191218A_944916.png,1,5,18,1,"[16, 12, 14, 0, 2, 3]"
GRB191220A,GRB191220A_945344.png,5,15,6,23,"[5, 13, 8, 0, 2, 27]"
GRB191221B,GRB191221B_945521.png,25,7,0,0,"[24, 6, 1, 0, 1, 1]"
GRB191227A,GRB191227A_946344.png,22,16,5,4,"[23, 14, 15, 0, 2, 6]"
GRB191228A,GRB191228A_946476.png,1,7,20,17,"[9, 3, 15, 0, 2, 23]"
GRB200107B,GRB200107B_948219.png,5,0,17,2,"[10, 0, 17, 0, 1, 3]"
GRB200109A,GRB200109A_948361.png,9,13,15,9,"[10, 16, 14, 0, 4, 13]"
GRB200115A,GRB200115A_949361.png,24,9,11,6,"[24, 2, 17, 0, 8, 14]"
GRB200122A,GRB200122A_950330.png,7,21,17,6,"[19, 11, 23, 0, 1, 9]"
GRB200125A,GRB200125A_952164.png,3,3,13,2,"[3, 14, 10, 0, 0, 2]"
GRB200127A,GRB200127A_952791.png,1,2,17,38,"[5, 2, 10, 0, 5, 46]"
GRB200131A,GRB200131A_953689.png,20,13,15,2,"[28, 10, 13, 0, 4, 6]"
GRB200205B,GRB200205B_954519.png,0,3,13,1,"[2, 8, 10, 0, 1, 2]"
GRB200215A,GRB200215A_956639.png,16,0,1,1,"[14, 0, 2, 0, 1, 2]"
GRB200216B,GRB200216B_956824.png,11,25,3,3,"[13, 21, 12, 0, 2, 5]"
GRB200219A,GRB200219A_957271.png,25,13,4,5,"[28, 2, 4, 0, 5, 13]"
GRB200224A,GRB200224A_958141.png,9,8,13,17,"[6, 13, 14, 0, 4, 25]"
GRB200227A,GRB200227A_958592.png,27,13,0,4,"[18, 21, 5, 0, 0, 4]"
GRB200228B,GRB200228B_958733.png,16,7,7,13,"[15, 8, 7, 0, 3, 16]"
GRB200303A,GRB200303A_959431.png,14,17,13,7,"[10, 27, 17, 0, 2, 9]"
GRB200306A,GRB200306A_959917.png,25,7,12,1,"[31, 4, 12, 0, 3, 4]"
GRB200306C,GRB200306C_960102.png,2,5,15,3,"[4, 10, 17, 0, 1, 5]"
GRB200324A,GRB200324A_963260.png,6,14,20,5,"[15, 9, 17, 0, 4, 9]"
GRB200409A,GRB200409A_965484.png,2,14,28,5,"[21, 6, 22, 0, 2, 9]"
GRB200410A,GRB200410A_965638.png,21,6,14,5,"[24, 6, 19, 0, 2, 10]"
GRB200411A,GRB200411A_965784.png,14,0,0,2,"[14, 0, 0, 0, 1, 3]"
GRB200416A,GRB200416A_966554.png,17,13,18,5,"[29, 5, 24, 0, 0, 5]"
GRB200425A,GRB200425A_967774.png,18,6,13,8,"[21, 4, 10, 0, 4, 13]"
GRB200509A,GRB200509A_970886.png,3,5,23,11,"[11, 6, 19, 0, 4, 17]"
GRB200512A,GRB200512A_971846.png,11,20,3,4,"[2, 26, 11, 0, 3, 7]"
GRB200519A,GRB200519A_973140.png,11,17,27,2,"[38, 14, 31, 0, 1, 3]"
GRB200522A,GRB200522A_973628.png,11,0,0,0,"[9, 1, 0, 0, 1, 1]"
GRB200528A,GRB200528A_974827.png,4,17,27,3,"[26, 10, 34, 0, 0, 3]"
GRB200529A,GRB200529A_974942.png,9,18,4,3,"[5, 27, 4, 0, 0, 3]"
GRB200608A,GRB200608A_976692.png,3,2,12,30,"[5, 4, 11, 0, 2, 33]"
GRB200612A,GRB200612A_977310.png,2,6,26,15,"[14, 7, 21, 0, 2, 19]"
GRB200630A,GRB200630A_980210.png,24,20,6,0,"[10, 35, 11, 0, 1, 1]"
GRB200701A,GRB200701A_980421.png,17,21,10,4,"[9, 32, 12, 0, 3, 7]"
GRB200711A,GRB200711A_981957.png,4,16,19,1,"[15, 14, 20, 0, 1, 2]"
GRB200713A,GRB200713A_982201.png,5,2,20,14,"[6, 4, 13, 0, 5, 21]"
GRB200716C,GRB200716C_982707.png,24,23,2,3,"[17, 23, 9, 0, 1, 4]"
GRB200806A,GRB200806A_987016.png,4,13,23,4,"[17, 10, 24, 0, 3, 9]"
GRB200819A,GRB200819A_992099.png,6,26,8,4,"[13, 15, 18, 0, 2, 7]"
GRB200829A,GRB200829A_993768.png,14,3,3,0,"[16, 2, 2, 0, 1, 1]"
GRB200901A,GRB200901A_994143.png,14,22,8,2,"[9, 30, 14, 0, 2, 4]"
GRB200901B,GRB200901B_994165.png,0,3,3,15,"[1, 3, 3, 0, 0, 15]"
GRB200903A,GRB200903A_994389.png,15,9,17,4,"[30, 0, 12, 0, 3, 8]"
GRB200906A,GRB200906A_994856.png,1,3,13,0,"[7, 13, 5, 0, 2, 2]"
GRB200907B,GRB200907B_995004.png,11,0,0,0,"[9, 0, 0, 0, 1, 2]"
GRB200909B,GRB200909B_995288.png,20,13,13,2,"[16, 24, 14, 0, 2, 4]"
GRB200917A,GRB200917A_996184.png,3,1,12,2,"[6, 0, 9, 0, 2, 4]"
GRB200919A,GRB200919A_996503.png,19,4,12,2,"[28, 0, 12, 0, 2, 4]"
GRB200922A,GRB200922A_997024.png,30,15,1,2,"[6, 34, 4, 0, 3, 5]"
GRB200925B,GRB200925B_997453.png,0,2,11,1,"[12, 4, 5, 0, 1, 2]"
GRB201001A,GRB201001A_998344.png,15,2,17,9,"[10, 1, 17, 0, 8, 18]"
GRB201006A,GRB201006A_998907.png,16,2,0,1,"[16, 2, 1, 0, 0, 1]"
GRB201013A,GRB201013A_999948.png,5,10,21,4,"[16, 12, 17, 0, 1, 5]"
GRB201014A,GRB201014A_1000255.png,6,7,13,20,"[8, 5, 10, 0, 5, 26]"
GRB201015A,GRB201015A_1000452.png,20,15,7,8,"[20, 15, 9, 0, 1, 9]"
GRB201017A,GRB201017A_1000613.png,23,20,6,3,"[23, 12, 15, 0, 2, 5]"
GRB201020A,GRB201020A_1000926.png,11,0,1,0,"[10, 1, 1, 0, 0, 0]"
GRB201021C,GRB201021C_1001130.png,13,10,14,6,"[9, 23, 13, 0, 1, 7]"
GRB201024A,GRB201024A_1001514.png,17,2,0,0,"[14, 4, 0, 0, 0, 0]"
GRB201026A,GRB201026A_1002103.png,7,12,25,6,"[31, 2, 22, 0, 0, 6]"
GRB201027A,GRB201027A_1002158.png,23,12,8,5,"[12, 24, 7, 0, 3, 8]"
GRB201029A,GRB201029A_1003002.png,5,18,6,18,"[5, 20, 10, 0, 3, 22]"
GRB201104B,GRB201104B_1004168.png,7,12,18,2,"[10, 15, 16, 0, 3, 6]"
GRB201105A,GRB201105A_1004239.png,24,18,0,4,"[5, 34, 2, 0, 0, 4]"
GRB201128A,GRB201128A_1009679.png,18,12,7,13,"[7, 18, 9, 0, 2, 16]"
GRB201203A,GRB201203A_1010946.png,16,7,23,13,"[16, 6, 20, 0, 7, 23]"
GRB201209A,GRB201209A_1011980.png,0,3,13,0,"[7, 4, 13, 0, 1, 1]"
GRB201216C,GRB201216C_1013243.png,2,2,12,1,"[6, 2, 13, 0, 1, 2]"
GRB201221A,GRB201221A_1013852.png,8,12,11,18,"[8, 7, 13, 0, 4, 24]"
GRB201221D,GRB201221D_1014037.png,19,1,3,1,"[19, 0, 0, 0, 4, 5]"
GRB201223A,GRB201223A_1014316.png,11,6,22,1,"[24, 3, 18, 0, 2, 3]"
GRB201229A,GRB201229A_1015088.png,20,4,21,8,"[13, 10, 23, 0, 4, 13]"
GRB210102C,GRB210102C_1015728.png,9,7,20,2,"[23, 9, 15, 0, 0, 2]"
GRB210104A,GRB210104A_1015873.png,1,5,16,2,"[10, 1, 17, 0, 1, 3]"
GRB210104B,GRB210104B_1015919.png,1,3,12,0,"[9, 5, 10, 0, 0, 0]"
GRB210112A,GRB210112A_1016881.png,18,11,17,2,"[29, 7, 24, 0, 0, 2]"
GRB210119A,GRB210119A_1017711.png,18,0,5,3,"[16, 3, 0, 0, 4, 7]"
GRB210205A,GRB210205A_1030629.png,3,2,17,6,"[7, 1, 16, 0, 4, 11]"
GRB210207B,GRB210207B_1031297.png,1,3,13,0,"[8, 4, 12, 0, 0, 0]"
GRB210209A,GRB210209A_1031636.png,2,10,22,11,"[13, 8, 16, 0, 3, 16]"
GRB210210A,GRB210210A_1031728.png,0,2,16,0,"[8, 8, 6, 0, 0, 0]"
GRB210211A,GRB210211A_1032024.png,14,4,1,5,"[10, 3, 0, 0, 5, 14]"
GRB210212A,GRB210212A_1032183.png,9,3,10,19,"[9, 3, 11, 0, 1, 22]"
GRB210217A,GRB210217A_1033264.png,13,3,0,0,"[7, 10, 0, 0, 0, 0]"
GRB210218A,GRB210218A_1033328.png,3,14,11,12,"[9, 11, 18, 0, 1, 15]"
GRB210222B,GRB210222B_1034325.png,3,1,13,0,"[8, 5, 4, 0, 3, 3]"
GRB210226A,GRB210226A_1034721.png,2,3,9,0,"[5, 4, 11, 0, 1, 1]"
GRB210305A,GRB210305A_1035922.png,20,15,9,3,"[9, 29, 10, 0, 1, 4]"
GRB210306A,GRB210306A_1035994.png,14,4,0,1,"[12, 3, 1, 0, 2, 3]"
GRB210306B,GRB210306B_1036024.png,3,15,23,6,"[18, 7, 26, 0, 2, 9]"
GRB210307A,GRB210307A_1036139.png,0,3,21,18,"[14, 0, 9, 0, 5, 24]"
GRB210308A,GRB210308A_1036227.png,13,1,0,0,"[8, 3, 3, 0, 0, 0]"
GRB210318A,GRB210318A_1037339.png,4,15,0,4,"[1, 12, 5, 0, 1, 6]"
GRB210321A,GRB210321A_1037828.png,16,7,20,2,"[20, 4, 21, 0, 5, 7]"
GRB210323A,GRB210323A_1038247.png,12,0,0,0,"[11, 0, 1, 0, 0, 0]"
GRB210402A,GRB210402A_1040123.png,0,3,15,0,"[5, 10, 14, 0, 0, 0]"
GRB210403A,GRB210403A_1040345.png,1,4,14,4,"[5, 2, 14, 0, 2, 7]"
GRB210410A,GRB210410A_1042113.png,17,17,1,3,"[6, 29, 4, 0, 0, 3]"
GRB210411C,GRB210411C_1042398.png,10,11,22,1,"[22, 10, 20, 0, 2, 4]"
GRB210419A,GRB210419A_1044032.png,3,4,8,30,"[4, 4, 6, 0, 1, 33]"
GRB210419C,GRB210419C_1044236.png,12,0,15,13,"[13, 3, 6, 0, 6, 20]"
GRB210420B,GRB210420B_1044382.png,2,3,3,15,"[1, 2, 3, 0, 2, 18]"
GRB210421A,GRB210421A_1044426.png,14,12,17,1,"[24, 5, 18, 0, 3, 5]"
GRB210422A,GRB210422A_1044678.png,27,5,16,5,"[18, 17, 16, 0, 4, 9]"
GRB210430A,GRB210430A_1046014.png,22,12,12,3,"[19, 12, 18, 0, 2, 5]"
GRB210504A,GRB210504A_1046782.png,2,3,17,26,"[6, 2, 13, 0, 1, 30]"
GRB210509A,GRB210509A_1047531.png,18,5,18,3,"[17, 4, 24, 0, 2, 5]"
GRB210514A,GRB210514A_1048372.png,0,22,28,3,"[21, 19, 37, 0, 1, 4]"
GRB210515C,GRB210515C_1048618.png,5,16,5,1,"[6, 14, 10, 0, 2, 4]"
GRB210517A,GRB210517A_1048783.png,11,1,0,0,"[3, 9, 0, 0, 0, 0]"
GRB210527A,GRB210527A_1051453.png,0,2,12,31,"[2, 0, 3, 0, 10, 42]"
GRB210610A,GRB210610A_1054627.png,29,6,13,1,"[28, 10, 12, 0, 2, 3]"
GRB210610B,GRB210610B_1054681.png,21,23,5,4,"[13, 27, 14, 0, 4, 8]"
GRB210618A,GRB210618A_1056426.png,17,0,0,0,"[15, 0, 0, 0, 2, 2]"
GRB210619B,GRB210619B_1056757.png,5,31,14,1,"[16, 18, 33, 0, 3, 4]"
GRB210702A,GRB210702A_1058804.png,25,32,1,1,"[7, 45, 7, 0, 2, 3]"
GRB210708A,GRB210708A_1059460.png,15,0,0,0,"[8, 4, 1, 0, 2, 2]"
GRB210712A,GRB210712A_1059881.png,4,5,17,1,"[8, 9, 20, 0, 1, 2]"
GRB210722A,GRB210722A_1061223.png,16,25,0,3,"[2, 35, 4, 0, 0, 4]"
GRB210723A,GRB210723A_1061284.png,24,15,0,1,"[8, 27, 3, 0, 4, 5]"
GRB210724A,GRB210724A_1061482.png,15,15,20,3,"[20, 13, 20, 0, 5, 9]"
GRB210725A,GRB210725A_1061511.png,1,14,1,1,"[2, 13, 2, 0, 0, 1]"
GRB210725B,GRB210725B_1061554.png,11,3,1,22,"[9, 0, 3, 0, 3, 28]"
GRB210726A,GRB210726A_1061687.png,12,0,0,0,"[8, 3, 1, 0, 0, 0]"
GRB210730A,GRB210730A_1062150.png,13,0,0,0,"[8, 5, 0, 0, 0, 0]"
GRB210731A,GRB210731A_1062336.png,17,4,15,8,"[15, 8, 14, 0, 5, 13]"
GRB210807A,GRB210807A_1064221.png,3,13,21,6,"[7, 9, 27, 0, 2, 9]"
GRB210807C,GRB210807C_1064421.png,7,15,9,5,"[6, 19, 19, 0, 0, 5]"
GRB210818A,GRB210818A_1069169.png,16,27,2,2,"[0, 42, 5, 0, 2, 4]"
GRB210820A,GRB210820A_1069551.png,7,9,10,18,"[10, 4, 9, 0, 3, 25]"
GRB210822A,GRB210822A_1069788.png,28,14,1,2,"[17, 21, 5, 0, 1, 3]"
GRB210824A,GRB210824A_1070157.png,6,23,7,4,"[8, 9, 17, 0, 2, 7]"
GRB210901A,GRB210901A_1071488.png,3,3,15,1,"[3, 8, 17, 0, 0, 1]"
GRB210905A,GRB210905A_1071993.png,11,16,13,9,"[23, 7, 9, 0, 6, 19]"
GRB210912A,GRB210912A_1072990.png,20,4,6,0,"[25, 4, 6, 0, 1, 1]"
GRB210919A,GRB210919A_1073893.png,12,0,3,1,"[10, 0, 0, 0, 5, 6]"
GRB210930A,GRB210930A_1075565.png,19,17,6,4,"[11, 25, 11, 0, 1, 5]"
GRB211023B,GRB211023B_1080859.png,13,0,0,1,"[12, 0, 0, 0, 1, 2]"
GRB211024B,GRB211024B_1081073.png,1,3,10,2,"[8, 2, 8, 0, 2, 4]"
GRB211025A,GRB211025A_1081113.png,1,1,2,12,"[2, 1, 3, 0, 1, 13]"
GRB211129A,GRB211129A_1085430.png,6,13,12,21,"[11, 10, 12, 0, 4, 26]"
GRB211207A,GRB211207A_1088376.png,13,0,0,0,"[13, 0, 0, 0, 0, 0]"
GRB211211A,GRB211211A_1088940.png,0,19,4,2,"[1, 16, 12, 0, 0, 2]"
GRB211221A,GRB211221A_1090472.png,20,8,8,7,"[16, 11, 13, 0, 3, 10]"
GRB211223C,GRB211223C_1090656.png,6,5,18,1,"[10, 4, 14, 0, 2, 3]"
GRB211225B,GRB211225B_1090853.png,23,9,15,3,"[20, 19, 26, 0, 2, 5]"
GRB211227A,GRB211227A_1091101.png,5,28,16,3,"[13, 30, 28, 0, 0, 4]"
GRB220101A,GRB220101A_1091527.png,3,4,12,1,"[9, 4, 9, 0, 1, 2]"
GRB220117A,GRB220117A_1093592.png,1,3,19,6,"[12, 1, 14, 0, 2, 8]"
GRB220117B,GRB220117B_1093611.png,6,7,17,23,"[6, 13, 13, 0, 4, 28]"
GRB220118A,GRB220118A_1093742.png,16,3,2,1,"[11, 9, 2, 0, 0, 1]"
GRB220218A,GRB220218A_1093860.png,2,8,15,21,"[7, 9, 14, 0, 2, 25]"
GRB220302A,GRB220302A_1094950.png,12,3,3,3,"[12, 2, 4, 0, 1, 4]"
GRB220305A,GRB220305A_1095215.png,10,21,11,5,"[5, 23, 15, 0, 5, 11]"
GRB220306B,GRB220306B_1095288.png,21,13,1,2,"[14, 12, 7, 0, 4, 6]"
GRB220319A,GRB220319A_1098132.png,22,12,9,5,"[16, 21, 16, 0, 3, 8]"
GRB220325A,GRB220325A_1099310.png,12,1,0,0,"[12, 0, 0, 0, 0, 0]"
GRB220403B,GRB220403B_1101053.png,10,3,2,0,"[7, 4, 5, 0, 0, 0]"
GRB220404A,GRB220404A_1101133.png,3,4,12,3,"[11, 0, 6, 0, 1, 6]"
GRB220408A,GRB220408A_1101675.png,2,6,16,0,"[8, 10, 14, 0, 1, 1]"
GRB220412A,GRB220412A_1102281.png,9,4,19,14,"[8, 4, 14, 0, 3, 17]"
GRB220412B,GRB220412B_1102329.png,20,0,4,1,"[14, 0, 3, 0, 6, 8]"
GRB220427A,GRB220427A_1104343.png,16,30,0,3,"[8, 32, 7, 0, 0, 4]"
GRB220430A,GRB220430A_1104692.png,1,1,8,0,"[7, 2, 8, 0, 0, 0]"
GRB220501A,GRB220501A_1104842.png,12,29,5,8,"[3, 38, 6, 0, 0, 9]"
GRB220518A,GRB220518A_1107050.png,6,1,20,2,"[9, 12, 18, 0, 2, 4]"
GRB220521A,GRB220521A_1107466.png,10,24,18,0,"[28, 16, 20, 0, 1, 1]"
GRB220611A,GRB220611A_1110090.png,7,11,12,20,"[2, 13, 11, 0, 4, 26]"
GRB220618A,GRB220618A_1110821.png,14,24,3,7,"[10, 24, 10, 0, 1, 8]"
GRB220623A,GRB220623A_1111672.png,13,15,11,4,"[8, 26, 19, 0, 1, 6]"
GRB220701A,GRB220701A_1114034.png,5,7,17,15,"[9, 8, 15, 0, 3, 18]"
GRB220706A,GRB220706A_1114937.png,13,2,3,5,"[7, 11, 3, 0, 0, 6]"
GRB220708A,GRB220708A_1115156.png,13,0,3,1,"[10, 0, 1, 0, 5, 6]"
GRB220711B,GRB220711B_1115766.png,0,2,14,1,"[9, 1, 11, 0, 0, 1]"
GRB220714B,GRB220714B_1116221.png,2,3,10,0,"[3, 4, 14, 0, 0, 0]"
GRB220715B,GRB220715B_1116441.png,7,17,16,3,"[13, 29, 17, 0, 0, 3]"
GRB220730A,None,4,25,15,4,"[15, 37, 16, 0, 2, 6]"
GRB220806A,None,20,1,2,1,"[15, 7, 0, 0, 0, 1]"
GRB220813A,None,4,5,18,2,"[10, 1, 17, 0, 1, 3]"
GRB220826A,None,2,5,15,0,"[7, 6, 12, 0, 2, 2]"
GRB220907A,None,22,13,2,5,"[11, 21, 11, 0, 1, 6]"
GRB220930A,None,5,23,17,3,"[18, 19, 18, 0, 2, 5]"
GRB221009A,None,0,0,2,12,"[0, 0, 0, 0, 2, 14]"
GRB221016A,None,18,20,2,3,"[8, 30, 6, 0, 0, 3]"
GRB221024A,None,19,18,9,2,"[15, 14, 13, 0, 6, 10]"
GRB221027B,None,4,0,16,1,"[11, 9, 8, 0, 0, 1]"
GRB221028A,None,3,14,2,1,"[5, 13, 10, 0, 0, 1]"
GRB221110A,None,11,1,1,1,"[2, 11, 0, 0, 0, 1]"
GRB221120A,None,15,0,0,1,"[14, 0, 0, 0, 1, 2]"
GRB221201A,None,22,25,3,4,"[9, 37, 8, 0, 1, 5]"
GRB221202A,None,16,18,6,4,"[5, 29, 5, 0, 2, 9]"
GRB221216A,None,1,14,25,6,"[21, 5, 17, 0, 3, 11]"
GRB221226B,None,14,1,0,0,"[10, 3, 0, 0, 2, 2]"
GRB230116C,None,2,6,5,19,"[2, 10, 3, 0, 2, 21]"
GRB230116D,None,10,18,11,10,"[2, 23, 21, 0, 0, 11]"
GRB230123A,None,17,0,1,1,"[15, 2, 1, 0, 0, 1]"
GRB230204A,None,3,2,20,29,"[9, 3, 17, 0, 0, 33]"
GRB230205A,None,13,0,0,2,"[11, 2, 0, 0, 0, 2]"
GRB230216A,None,4,6,27,19,"[13, 2, 21, 0, 5, 26]"
GRB230217A,None,12,0,1,0,"[11, 1, 1, 0, 0, 0]"
GRB230228A,None,13,0,0,0,"[9, 3, 1, 0, 0, 0]"
GRB230322B,None,25,18,6,2,"[0, 44, 6, 0, 1, 3]"
GRB230325A,None,20,13,8,2,"[25, 7, 15, 0, 0, 3]"
GRB230328B,None,21,12,13,2,"[16, 25, 18, 0, 1, 4]"
GRB230405B,None,12,2,1,1,"[9, 6, 2, 0, 0, 1]"
GRB230409B,None,14,4,0,0,"[9, 7, 3, 0, 0, 0]"
GRB230414B,None,6,13,10,10,"[4, 14, 10, 0, 3, 13]"
GRB230420A,None,1,2,8,3,"[7, 1, 6, 0, 1, 5]"
GRB230423A,None,5,5,12,21,"[11, 2, 13, 0, 1, 22]"
GRB230427A,None,14,4,1,1,"[4, 13, 3, 0, 0, 1]"
GRB230506B,None,9,20,14,4,"[18, 15, 21, 0, 0, 6]"
GRB230506C,None,16,10,14,3,"[14, 13, 16, 0, 3, 6]"
GRB230510A,None,7,13,22,1,"[18, 7, 29, 0, 0, 3]"
GRB230606A,None,1,3,12,0,"[10, 4, 8, 0, 0, 0]"
GRB230618A,None,3,8,14,14,"[6, 10, 12, 0, 3, 19]"
GRB230622A,None,2,6,16,0,"[17, 6, 6, 0, 0, 0]"
GRB230628E,None,25,8,2,2,"[19, 14, 2, 0, 1, 3]"
GRB230723B,None,16,3,0,0,"[5, 14, 0, 0, 0, 0]"
GRB230728A,None,1,1,12,1,"[9, 1, 9, 0, 0, 1]"
GRB230802A,None,7,21,9,2,"[20, 16, 9, 0, 0, 2]"
GRB230805B,None,1,9,2,3,"[5, 4, 5, 0, 1, 4]"
GRB230815A,None,29,4,8,4,"[29, 7, 10, 0, 1, 5]"
GRB230816A,None,16,17,7,5,"[7, 26, 8, 0, 2, 8]"
GRB230818A,None,17,19,2,3,"[10, 24, 8, 0, 2, 5]"
GRB230826A,None,10,18,16,4,"[14, 17, 25, 0, 3, 7]"
GRB230903A,None,9,2,1,0,"[5, 5, 1, 0, 0, 0]"
GRB231028A,None,2,2,24,12,"[2, 1, 2, 0, 24, 37]"
GRB231104A,None,4,14,19,1,"[21, 10, 17, 0, 1, 2]"
GRB231110A,None,16,5,0,2,"[1, 20, 0, 0, 0, 2]"
GRB231111A,None,5,12,4,1,"[4, 14, 6, 0, 0, 1]"
GRB231117A,None,14,1,0,2,"[13, 3, 0, 0, 0, 2]"
GRB231118A,None,26,22,1,5,"[23, 20, 6, 0, 2, 7]"
GRB231129A,None,1,0,8,3,"[2, 5, 8, 0, 0, 3]"
GRB231205B,None,2,1,12,1,"[5, 11, 9, 0, 0, 1]"
GRB231210B,None,15,14,12,2,"[7, 24, 20, 0, 3, 5]"
GRB231214A,None,3,4,20,1,"[16, 6, 13, 0, 0, 2]"
GRB231215A,None,12,15,15,1,"[16, 14, 23, 0, 1, 2]"
